course_id;course_name;instructor;room;credits
844e82b9-6e0d-4859-aaf0-87247ce5819a;Course_1;Instructor_1;Room_1;3
eeaa68ee-4b28-462b-9e44-0a4b32333753;Course_2;Instructor_2;Room_2;1
40e94417-e4d3-4bd9-a29d-98f1459aa0a7;Course_3;Instructor_3;Room_3;4
706080fc-da99-4fb4-891c-f688a4ff0574;Course_4;Instructor_4;Room_4;2
339cddd4-38d3-467c-b29d-58be0fc49e04;Course_5;Instructor_5;Room_5;3
ee7e1c22-a2fc-4967-9287-3f753bb37b52;Course_6;Instructor_6;Room_6;4
210c6c82-999e-45c0-a126-2ea9de405569;Course_7;Instructor_7;Room_7;4
e4dc41e4-837c-4f93-8b24-629d57c25e9b;Course_8;Instructor_8;Room_8;1
c3f4fc94-e7a3-4e60-92e4-681bea2bc171;Course_9;Instructor_9;Room_9;5
77dde167-69c8-454d-b43a-06eb2479dc83;Course_10;Instructor_10;Room_10;5
65e0f7dd-1c7e-4480-b977-0648926d1e03;Course_11;Instructor_11;Room_11;4
908cb00e-396c-4e48-b5c2-4f76fca98f98;Course_12;Instructor_12;Room_12;4
ede4bbd2-36fb-4962-acf6-ea197c350df9;Course_13;Instructor_13;Room_13;1
0bcc7940-ea24-4084-9825-f8a841a1ad52;Course_14;Instructor_14;Room_14;2
e0f3a8ae-9700-4a5f-a841-4910adb0b24c;Course_15;Instructor_15;Room_15;4
9ae11285-fbc0-4096-a7eb-062cde3b814f;Course_16;Instructor_16;Room_16;4
7f747d75-d901-41c0-aec8-811f7d11b1c2;Course_17;Instructor_17;Room_17;4
7981ff90-1e44-4a0a-8a82-94694269117b;Course_18;Instructor_18;Room_18;5
e5f65fbd-f1b7-4fe1-a45e-c2ad9c070b06;Course_19;Instructor_19;Room_19;4
7609171b-022c-46d4-8dc0-75f58ed40ac6;Course_20;Instructor_20;Room_20;3
33cdaf73-b416-4e05-92c3-f40320ac13fc;Course_21;Instructor_21;Room_21;5
42dda7ed-30b1-457a-8ba1-17e32105f9d4;Course_22;Instructor_22;Room_22;3
5b61a59f-756e-4d91-b4f2-71a053fcac5e;Course_23;Instructor_23;Room_23;3
9a1cc3e0-0619-49d3-b852-12f9c7bf64cd;Course_24;Instructor_24;Room_24;3
6c85e117-da75-4495-a8ed-1fd4f2d18eb5;Course_25;Instructor_25;Room_25;3
08a2f1e6-c852-42b9-825a-ffa437814947;Course_26;Instructor_26;Room_26;4
68e04ce0-ac37-4872-bbc0-9efc3ae19804;Course_27;Instructor_27;Room_27;1
3eeda2cc-9a41-4b6b-a484-f894f09c1495;Course_28;Instructor_28;Room_28;4
ef31b11e-d97b-4bc0-a70a-11210535453d;Course_29;Instructor_29;Room_29;1
6b4e471d-97c9-42ed-97c8-e234e7b95ddc;Course_30;Instructor_30;Room_30;4
d9866059-a219-47b8-addd-f63136a69cb2;Course_31;Instructor_31;Room_31;1
d2b1c621-6c5e-43a7-ad86-a0369184ae1e;Course_32;Instructor_32;Room_32;3
59e873e3-d665-467f-b873-bd5b8c984e5e;Course_33;Instructor_33;Room_33;3
7901c643-114f-49ca-9a86-95e126378d21;Course_34;Instructor_34;Room_34;2
10b578f2-e0a9-4dd7-a969-b65fd0b006e5;Course_35;Instructor_35;Room_35;3
c6f2bbdc-3b95-4ce0-b7a7-6c7e0b78f707;Course_36;Instructor_36;Room_36;4
bccbb3d0-afa9-4df2-a340-d419a1a1a1fc;Course_37;Instructor_37;Room_37;5
ebd2669a-d229-418f-a363-836419825cda;Course_38;Instructor_38;Room_38;4
1799fe51-979e-4d27-ae8d-087a41e737cb;Course_39;Instructor_39;Room_39;2
83476735-8bea-45be-8196-1ccf6d73d082;Course_40;Instructor_40;Room_40;1
f2b6b840-346f-439c-aaba-a92ec0a3c2bd;Course_41;Instructor_41;Room_41;1
011f6d3c-92ed-49fc-a1a2-cf3c31108c82;Course_42;Instructor_42;Room_42;4
c2f00ab6-45cb-468c-b200-44c7be4c2505;Course_43;Instructor_43;Room_43;3
1f0d2a01-4c50-4221-b275-0df35cbf5e70;Course_44;Instructor_44;Room_44;2
e0596222-6918-4ae0-b6cb-cab069429c85;Course_45;Instructor_45;Room_45;3
b23b1a4c-3591-411a-b9f1-6fe994b449f7;Course_46;Instructor_46;Room_46;3
cae71fdd-c445-4736-8b42-0b738c2f5992;Course_47;Instructor_47;Room_47;5
2ef31146-fbb3-4942-80d5-ed53e8aea9a0;Course_48;Instructor_48;Room_48;3
67605048-cde0-41b0-8183-20793db3b595;Course_49;Instructor_49;Room_49;5
21111ef8-f31a-4aee-b23b-a8815f617137;Course_50;Instructor_50;Room_50;4
de4b7eab-a501-4426-bd8c-3cb8c2d81f2a;Course_51;Instructor_51;Room_51;2
9d8caf2f-b9c2-483d-9b14-20fbbf214b5c;Course_52;Instructor_52;Room_52;3
31832727-4cc7-46d5-a7f4-67fe030d9b9e;Course_53;Instructor_53;Room_53;5
d77d2033-9a3b-44c4-bbb7-2db28ecbed59;Course_54;Instructor_54;Room_54;2
f5355003-1d44-4b1c-8343-647c2f4273ee;Course_55;Instructor_55;Room_55;1
33c657da-0166-47d5-a9f5-d09afae7b302;Course_56;Instructor_56;Room_56;1
7dec643c-8cb3-43c8-a947-9e185a37f949;Course_57;Instructor_57;Room_57;3
5d6cb795-b520-42d6-b57f-2276357757ba;Course_58;Instructor_58;Room_58;5
b78e5028-420a-41dc-96fd-4c83aefa3157;Course_59;Instructor_59;Room_59;2
a071fa92-909a-4cd4-a5af-dbb6e3df1c4a;Course_60;Instructor_60;Room_60;2
6cc7fbb2-177f-4d3f-a71d-2d786623d8c3;Course_61;Instructor_61;Room_61;1
59bb5caf-687a-43a8-858f-f6fa54d59e84;Course_62;Instructor_62;Room_62;4
50b1dd14-8e0f-4404-bfe2-fa1e6ab93a3b;Course_63;Instructor_63;Room_63;5
603691e5-29c9-46af-8bd6-02e0952247e9;Course_64;Instructor_64;Room_64;5
acc135ed-e6f1-46ab-8b89-9b2ea0822fd8;Course_65;Instructor_65;Room_65;1
8cede380-4209-45fa-a469-fb5516501468;Course_66;Instructor_66;Room_66;1
83026492-1f29-4454-b85b-150d1997c87c;Course_67;Instructor_67;Room_67;1
7cf317f0-4339-4382-8f00-536a071bc9fb;Course_68;Instructor_68;Room_68;3
49984e35-3f75-4280-8fe6-d515f3fb0d00;Course_69;Instructor_69;Room_69;5
89355083-5eea-4e06-a992-7237445207f7;Course_70;Instructor_70;Room_70;4
2320ba2a-eb96-4eaf-b6c7-bb9800c17952;Course_71;Instructor_71;Room_71;4
9d5c913f-905f-4aa9-ab3c-3d8d31115057;Course_72;Instructor_72;Room_72;1
6fdf984b-32d1-4f3b-82c8-1c46de1545fb;Course_73;Instructor_73;Room_73;4
e314951c-a960-4340-a6f9-0dc0b017eea3;Course_74;Instructor_74;Room_74;1
f1e91586-507a-400c-be14-68eaf57ca915;Course_75;Instructor_75;Room_75;2
849a10b1-49f9-40b3-af0d-8e557383a5a4;Course_76;Instructor_76;Room_76;3
3a451de2-f769-493e-b69a-da0dabf34fcb;Course_77;Instructor_77;Room_77;4
fe876cb5-cdce-4e9e-a622-ac7906575a39;Course_78;Instructor_78;Room_78;4
2a2770b2-7571-46c5-a9e9-143a4f75164a;Course_79;Instructor_79;Room_79;1
aaf05f04-afca-46c8-b87d-bb23afbb1ba1;Course_80;Instructor_80;Room_80;2
03cd9f35-67ed-46e0-969b-04d606d75caa;Course_81;Instructor_81;Room_81;2
cbe27673-649f-402d-a943-48d2fb446b3c;Course_82;Instructor_82;Room_82;4
586114dc-2a0c-43f9-a46f-076f1ca40616;Course_83;Instructor_83;Room_83;4
2352bff6-dc53-4a65-a848-7a740c11002d;Course_84;Instructor_84;Room_84;4
e2d28144-de21-4bef-899c-6c558a764458;Course_85;Instructor_85;Room_85;4
ce5f1cbe-94d6-4248-ae87-a97cd4d9165b;Course_86;Instructor_86;Room_86;4
03161272-1f87-4583-a05a-e78aeb962946;Course_87;Instructor_87;Room_87;2
662a2a58-8217-4785-8aa4-f0f0624ba282;Course_88;Instructor_88;Room_88;5
b5ee52c5-c120-4781-90d4-c034a3ed2cdd;Course_89;Instructor_89;Room_89;1
33184d55-e0e8-4732-8df9-1ac0e8d190b7;Course_90;Instructor_90;Room_90;4
5a8550b4-6d33-4b5a-89ee-c8bcc8b14db7;Course_91;Instructor_91;Room_91;5
b435ce14-66fb-41c5-9983-2a37992292f1;Course_92;Instructor_92;Room_92;1
e7a8d166-15f0-4210-997f-f227b36bc2ef;Course_93;Instructor_93;Room_93;1
acd5b0a6-c54f-4ebf-9ce2-7622c44a2eec;Course_94;Instructor_94;Room_94;4
2b9da093-5076-4050-a824-5e22c2bdfa3b;Course_95;Instructor_95;Room_95;4
f66f8c4b-e441-4d05-b3d1-f508a8438cbb;Course_96;Instructor_96;Room_96;1
d96a7201-23c4-4bb2-ae70-297745e6e7a4;Course_97;Instructor_97;Room_97;1
6fbefcf8-c762-48de-a4b3-2ad23592fe31;Course_98;Instructor_98;Room_98;2
b6666315-8498-4a1f-8ad1-04dbb236c90b;Course_99;Instructor_99;Room_99;2
f2565d58-80d3-43c5-bda6-5330c9f0c582;Course_100;Instructor_100;Room_100;3
8c926bbf-f72d-48b4-ad88-90302c96b901;Course_101;Instructor_101;Room_101;2
b5321ed8-0365-45d3-a221-e2657f7a12ff;Course_102;Instructor_102;Room_102;5
e0edde94-d1a6-4fe2-9519-d7bc5b892eb2;Course_103;Instructor_103;Room_103;1
4fb3e14a-6e86-40e8-8bc3-a58a838129e9;Course_104;Instructor_104;Room_104;1
11ef55f0-846c-4d2b-b20d-c6310fa640c7;Course_105;Instructor_105;Room_105;5
b7ffbd6a-a914-4da1-9d63-ea2c819ddef4;Course_106;Instructor_106;Room_106;1
61698659-51a9-4a72-8f91-04fa3eddc360;Course_107;Instructor_107;Room_107;1
5682c0cb-44ad-4ab2-8cf1-3cee0d614b52;Course_108;Instructor_108;Room_108;1
d677fa70-9cdb-4d7f-b7fd-cff14b55d6e2;Course_109;Instructor_109;Room_109;5
9da4a943-e9cf-4f71-8cba-4934c40e2f83;Course_110;Instructor_110;Room_110;3
b4bf101e-6d84-47f0-a2eb-4c07befabda2;Course_111;Instructor_111;Room_111;3
06a3acb5-4328-4841-9bd4-83170f0abe2d;Course_112;Instructor_112;Room_112;2
998d4d3b-0d09-4b9d-b0d9-9c0dea670161;Course_113;Instructor_113;Room_113;1
6a694469-cf50-4135-887f-91891090467f;Course_114;Instructor_114;Room_114;1
a80e454f-0786-44a8-9213-44b3f15c6ede;Course_115;Instructor_115;Room_115;1
a8fcb2ff-34cb-4290-bed9-fc7c68a739b2;Course_116;Instructor_116;Room_116;4
f412e30b-cc7d-43b8-b1c9-9fba345fcfdc;Course_117;Instructor_117;Room_117;4
3386b794-a165-49b4-82ea-f995873b5e6d;Course_118;Instructor_118;Room_118;1
94ce4890-ad03-453e-9827-01025bc9d956;Course_119;Instructor_119;Room_119;2
9539d6f9-24ee-445a-8f07-3d68b8be4a03;Course_120;Instructor_120;Room_120;5
daff502a-234d-4022-8e14-bea9a58678ed;Course_121;Instructor_121;Room_121;3
2147beeb-a5ab-4caa-a395-eedc7be9006b;Course_122;Instructor_122;Room_122;5
ade8acbe-3648-4cba-aa85-4fdc24e7341a;Course_123;Instructor_123;Room_123;1
8b7631ab-2dc6-4edc-86d8-fb4bf5cb2d39;Course_124;Instructor_124;Room_124;4
bf10fed5-3431-48bb-aaf2-6da7991603f9;Course_125;Instructor_125;Room_125;3
c0687753-5c2d-428c-bc65-d0b9c1935e23;Course_126;Instructor_126;Room_126;5
7059aa19-d12d-4d13-91f6-c37c658d0ed4;Course_127;Instructor_127;Room_127;4
33908e69-8ed0-4f7a-b4d2-ad8aed3d0b36;Course_128;Instructor_128;Room_128;5
c3032b55-f555-4bf5-9fcb-7b988e3b99f9;Course_129;Instructor_129;Room_129;1
501999f0-a835-4616-b1d3-6b769da39251;Course_130;Instructor_130;Room_130;2
d82b329e-bab8-4366-bd36-5e7c2f0a9ff9;Course_131;Instructor_131;Room_131;4
b9b85017-19a5-4487-8de9-8363e2ae48e2;Course_132;Instructor_132;Room_132;2
cb67e0c0-cea6-47d4-b1ee-92fbd793f9f0;Course_133;Instructor_133;Room_133;5
fd5779f5-7c61-4cf9-8443-6093aa6e4c30;Course_134;Instructor_134;Room_134;4
29afcf3a-a2ab-4db0-a4af-b9165afbd194;Course_135;Instructor_135;Room_135;4
a201c7c9-76cf-402a-bfb0-ad20a74e42eb;Course_136;Instructor_136;Room_136;5
ce6d3e20-6182-4feb-912f-46436701c007;Course_137;Instructor_137;Room_137;5
7c0c28f4-103e-4618-8df8-770d6ae39cea;Course_138;Instructor_138;Room_138;5
ed116453-8090-403d-ad6d-0852c1cd607d;Course_139;Instructor_139;Room_139;1
a8fbdc93-21b8-4925-8d14-212bbe4fc025;Course_140;Instructor_140;Room_140;3
d0619563-4fc5-4850-937e-eecbf1fa0b27;Course_141;Instructor_141;Room_141;1
de2ff611-8fd6-4fa7-b1dd-a48e4c4cc23e;Course_142;Instructor_142;Room_142;1
db775017-40ef-4bce-b442-8203271e08bb;Course_143;Instructor_143;Room_143;2
62e5edf1-422f-414a-ae06-06efdd031fd7;Course_144;Instructor_144;Room_144;5
21ec156b-b961-488a-843a-48b506a12eaf;Course_145;Instructor_145;Room_145;1
4733708d-88dc-415e-8beb-85d86936876b;Course_146;Instructor_146;Room_146;5
a53115c7-6fa2-4e89-a3e7-d989b9337a72;Course_147;Instructor_147;Room_147;1
11a007d5-81a0-437e-ab62-f0ff57d0911d;Course_148;Instructor_148;Room_148;1
5ad78e87-6593-4107-9596-953a293d2c63;Course_149;Instructor_149;Room_149;3
9187097f-e391-4f8d-affe-8f4e5b315c95;Course_150;Instructor_150;Room_150;1
ade2ffb0-cbd0-44be-aefb-7c36a6648697;Course_151;Instructor_151;Room_151;5
db3ed48f-39db-42c2-b6d0-4da78021fb4a;Course_152;Instructor_152;Room_152;2
bd106ff5-0230-43ec-8f22-7d61f62d56c5;Course_153;Instructor_153;Room_153;4
4dd73229-3ad7-4d8a-b4bf-66220ec598c1;Course_154;Instructor_154;Room_154;3
3989bfbc-36ca-4caa-8444-4378d5d7ffa6;Course_155;Instructor_155;Room_155;1
3878c5ca-b3ae-46e0-ac17-9f9f6a549e92;Course_156;Instructor_156;Room_156;4
cfcce35e-24e4-4cc1-8e06-fd5c6b461383;Course_157;Instructor_157;Room_157;5
b2676702-ae87-44c5-a8f5-26647651d232;Course_158;Instructor_158;Room_158;5
4b082e0b-33a4-44ee-b32b-9c7be6faede4;Course_159;Instructor_159;Room_159;4
c7488706-e442-4db7-a15e-eb00ea86098b;Course_160;Instructor_160;Room_160;1
262a63aa-1f94-4864-a32c-6fbdb23317d5;Course_161;Instructor_161;Room_161;4
ab3407fe-58c9-445d-b2be-7f400c20dcf4;Course_162;Instructor_162;Room_162;3
f78d3cf0-44e4-40b6-824e-9aa7eae361a7;Course_163;Instructor_163;Room_163;1
bedc8a99-d9c7-4829-b50d-fa70049f9438;Course_164;Instructor_164;Room_164;5
5ff75f9d-5e5e-47d2-b70e-68ed80e33f09;Course_165;Instructor_165;Room_165;2
0faaeab8-40bb-4ba3-a761-ce7e7e211719;Course_166;Instructor_166;Room_166;5
9544de1d-48eb-4ee0-98a6-4fe0fe6c1d94;Course_167;Instructor_167;Room_167;2
655f4b87-e236-43ea-8d88-9543321a07c7;Course_168;Instructor_168;Room_168;3
ab24417e-e19d-4ab0-8742-f1a9352a6b6b;Course_169;Instructor_169;Room_169;5
8d2da2cc-51c2-4f56-b6d7-780e964d0cc2;Course_170;Instructor_170;Room_170;4
2f03b85e-9a3e-49eb-a774-f8790bd5858f;Course_171;Instructor_171;Room_171;1
64eebaed-f8ad-4dd3-b22c-85504abd7fcb;Course_172;Instructor_172;Room_172;4
15e8111d-cbba-4e7e-b706-5db7ac2ad1e1;Course_173;Instructor_173;Room_173;4
19faba37-aaaf-4691-97e3-441df1ab62c6;Course_174;Instructor_174;Room_174;3
fc87b003-6a46-4c6e-b081-732a87ff8224;Course_175;Instructor_175;Room_175;4
3c7b0bec-676e-4d33-a51e-eecef3d2b79f;Course_176;Instructor_176;Room_176;5
945dae8a-974c-493e-bbbf-3031fa494d15;Course_177;Instructor_177;Room_177;4
b18ad5c5-2536-4e93-b754-91213907287d;Course_178;Instructor_178;Room_178;3
e4c15701-29f6-4c0a-ade2-3410706259ba;Course_179;Instructor_179;Room_179;5
055bc7ee-1c07-4ba3-a27b-80a257bad52e;Course_180;Instructor_180;Room_180;2
4ef01994-e47b-4616-b246-059ac3f17560;Course_181;Instructor_181;Room_181;4
0acdf48b-9dca-4f83-8262-74d0f9a78eb2;Course_182;Instructor_182;Room_182;4
77a0e749-25cb-4bcd-883f-87ed8cfb3e9c;Course_183;Instructor_183;Room_183;1
efd2dc35-ec13-441d-b56d-d461547bf3a6;Course_184;Instructor_184;Room_184;5
60116dca-2d8b-4dec-8138-2563a5f7f5de;Course_185;Instructor_185;Room_185;3
92a64904-8e2a-42bd-be0a-488b20589823;Course_186;Instructor_186;Room_186;4
bb1ab6a0-2371-4a9f-8541-86399bc0170c;Course_187;Instructor_187;Room_187;4
e994af39-95b3-4306-ae94-67dc015f0185;Course_188;Instructor_188;Room_188;4
c1752017-01ef-425e-8553-64ed5f2b702e;Course_189;Instructor_189;Room_189;4
8c851aeb-9f01-400c-9cc0-853cb0733971;Course_190;Instructor_190;Room_190;4
5dd25eb0-8150-40b0-9c97-b799262ec1dd;Course_191;Instructor_191;Room_191;1
d53f93f8-ba8a-4f32-8d14-0359e6e03c46;Course_192;Instructor_192;Room_192;2
390249a2-1124-426a-9d8f-83929afa14ff;Course_193;Instructor_193;Room_193;3
4362630d-e516-4b4b-93cf-d672d60d1d4a;Course_194;Instructor_194;Room_194;2
7651b561-02fa-4b6e-bb5b-c125fb9cd85d;Course_195;Instructor_195;Room_195;4
6a4a1b9d-e624-4f68-94aa-3a5dc311bc46;Course_196;Instructor_196;Room_196;5
4cdd2b55-5f19-4a55-a2d1-25f270a46b5e;Course_197;Instructor_197;Room_197;5
1aedd4d6-609f-4793-b630-012e08b8cffe;Course_198;Instructor_198;Room_198;5
dbfed1ca-f01c-4e99-ae56-85b916907156;Course_199;Instructor_199;Room_199;1
9e3f02a7-db53-4411-9b1a-c23dde312542;Course_200;Instructor_200;Room_200;5
aa168ad7-e4cf-4b31-a0d2-2eeb0525e236;Course_201;Instructor_201;Room_201;1
8735f70a-16d2-4d66-8d0b-63c7440bd97b;Course_202;Instructor_202;Room_202;1
8a245d70-75d3-4da1-998e-d2ed0d0f00b7;Course_203;Instructor_203;Room_203;4
a3085a69-6993-4f28-bd38-e36027d04718;Course_204;Instructor_204;Room_204;2
026007b3-9dd7-43dd-9ef2-3558d048f9a5;Course_205;Instructor_205;Room_205;3
83d9849b-7581-4ef3-975e-77df9cd05253;Course_206;Instructor_206;Room_206;3
bf33c5ea-6e5c-4a0d-9f34-30680dfd5716;Course_207;Instructor_207;Room_207;1
7fe4f46a-37df-4e08-96d4-ff5b9c644f59;Course_208;Instructor_208;Room_208;3
15aa9a50-7b91-4c43-bb4c-0d170ccf7dfd;Course_209;Instructor_209;Room_209;5
90d62509-383e-4488-8be8-72b727b37357;Course_210;Instructor_210;Room_210;3
ee4b4802-9244-412d-b227-2cc5dcc51e55;Course_211;Instructor_211;Room_211;5
b5479665-efd2-41ba-9fef-f75da22eb0d3;Course_212;Instructor_212;Room_212;3
e2340fca-4075-45e3-a7e2-5c1f9b5a9888;Course_213;Instructor_213;Room_213;3
fc29e2ef-b8a1-4d5d-93af-c761e46bd1c1;Course_214;Instructor_214;Room_214;4
52552d55-046b-4fd8-b732-b2bf55510451;Course_215;Instructor_215;Room_215;2
2b9bae61-ba5e-4051-aa08-e74b3738c6ff;Course_216;Instructor_216;Room_216;2
4fb2bcde-a3eb-4126-a0ac-bbbe1fc46b4d;Course_217;Instructor_217;Room_217;5
d7daa367-25d2-40ae-b0d1-08d2d63c1094;Course_218;Instructor_218;Room_218;2
af9fc070-baeb-478b-8f5f-0efddf80bfae;Course_219;Instructor_219;Room_219;4
a18319ac-e8b0-4457-9f61-e3d354845c29;Course_220;Instructor_220;Room_220;3
01a6fc10-5e93-4542-b1f7-8ce5e3238934;Course_221;Instructor_221;Room_221;1
e1f4b1a9-5ae1-4cd6-91e2-beb15c4977f8;Course_222;Instructor_222;Room_222;4
50de6a60-e057-456c-a93f-5cc390a33c52;Course_223;Instructor_223;Room_223;5
b29006f3-d69a-4bfc-96b1-74a74b0a0100;Course_224;Instructor_224;Room_224;2
5a88fecc-ace4-4d93-8c4f-c050cfcbeed2;Course_225;Instructor_225;Room_225;2
c4347b78-e1cb-4d39-b461-be55caad4f9c;Course_226;Instructor_226;Room_226;2
64c61153-2672-4511-97fb-b97a19604da6;Course_227;Instructor_227;Room_227;3
7919b83b-3607-463b-af8d-18dfb40fc164;Course_228;Instructor_228;Room_228;5
2cc7c144-a01b-4fe8-98e2-660986be46fc;Course_229;Instructor_229;Room_229;3
c8da8a46-71fa-417d-bb44-b5adbbd876ee;Course_230;Instructor_230;Room_230;4
82dcf89c-97f9-4057-aba4-f40cefc7299d;Course_231;Instructor_231;Room_231;4
1ab6cf57-5f1c-4183-ba12-d5dd6bb57026;Course_232;Instructor_232;Room_232;4
f24dfa73-4c0d-4ecb-a281-711109013bb8;Course_233;Instructor_233;Room_233;3
df2bc8f1-f2ec-4fc5-9057-d9658a05214e;Course_234;Instructor_234;Room_234;5
f2377e23-a753-493d-8730-0a63fedacb11;Course_235;Instructor_235;Room_235;1
e2ea01a3-d4ca-4a8d-afdf-061f2889fb29;Course_236;Instructor_236;Room_236;1
2571749b-e159-48e2-b9f8-94daeeb52c30;Course_237;Instructor_237;Room_237;1
0439c063-a43b-4dc8-8c27-44468f6a39fb;Course_238;Instructor_238;Room_238;1
27c10654-be35-490f-a18d-df2d8a57ec20;Course_239;Instructor_239;Room_239;1
4d3702b8-bedc-42f1-ad0e-ae3369ee02ac;Course_240;Instructor_240;Room_240;3
504a8e1c-ae1d-4043-b989-5efef73e98df;Course_241;Instructor_241;Room_241;5
0f91ba0e-f4d8-43e1-ad87-cd4407bfc74e;Course_242;Instructor_242;Room_242;4
520541a4-9ae8-4620-bf89-a9b3e07de4d7;Course_243;Instructor_243;Room_243;1
703c0597-abca-422f-b1b2-c3ed5d7ba449;Course_244;Instructor_244;Room_244;4
14e765b2-297a-4ba5-92ed-a8b138347e4d;Course_245;Instructor_245;Room_245;3
baf11592-de96-468d-81fb-f9bb6a556f47;Course_246;Instructor_246;Room_246;3
7e55ae6f-3c3b-43de-be61-c44f29edd29a;Course_247;Instructor_247;Room_247;5
a1755fa9-227f-42bf-bd05-6bf0b851d1d1;Course_248;Instructor_248;Room_248;2
4ea6e2e1-93f5-4d8f-b4a7-17c15a6b0ec8;Course_249;Instructor_249;Room_249;1
7e8c2ffa-dd04-48f7-a04c-0fcd9a4da092;Course_250;Instructor_250;Room_250;1
8aa9766b-a8fd-4176-999a-13b9829c9256;Course_251;Instructor_251;Room_251;4
02253e4c-bc0e-46ba-afca-e878f21f9cfd;Course_252;Instructor_252;Room_252;3
c6d61c0a-03e9-437d-8650-77f535e0ea81;Course_253;Instructor_253;Room_253;5
11840c58-924b-422f-9769-57ea017fbe05;Course_254;Instructor_254;Room_254;1
0d4cc635-20c6-47f1-9156-3400da8dae8b;Course_255;Instructor_255;Room_255;5
dd54b944-6a07-4a5e-818b-10d9b689482f;Course_256;Instructor_256;Room_256;1
3e087e0a-5e15-47ec-929f-eb2bbe96197a;Course_257;Instructor_257;Room_257;1
0c0516ab-4270-4012-a266-1c426b78382e;Course_258;Instructor_258;Room_258;5
fab65da3-b125-4d55-863d-d6d3e115e158;Course_259;Instructor_259;Room_259;5
fde27a54-f1f3-46e8-a6c3-46b059c3f2aa;Course_260;Instructor_260;Room_260;4
4ac510a2-ea09-4ce8-b14d-ee0b4e00c7b3;Course_261;Instructor_261;Room_261;2
9af6b472-d93c-46f8-b6c8-f0a32796ab7f;Course_262;Instructor_262;Room_262;2
7ae41a99-3f99-4643-9819-3506099fcf5a;Course_263;Instructor_263;Room_263;5
206bb5bc-8407-4e50-ad1d-75fcbaceceff;Course_264;Instructor_264;Room_264;2
d1659f15-da17-4927-88c4-f502e0a74486;Course_265;Instructor_265;Room_265;2
6108421d-c851-432b-b246-ba8111576c12;Course_266;Instructor_266;Room_266;3
eec2afd1-5d26-4e7c-a1c8-e5029d60eb77;Course_267;Instructor_267;Room_267;1
968cb089-93df-424d-9609-535ce6919d52;Course_268;Instructor_268;Room_268;1
62337e93-71cd-4e21-b85e-2a5baa0829e9;Course_269;Instructor_269;Room_269;4
23abc6f6-c99d-4b1f-8b8a-08c487b8e99b;Course_270;Instructor_270;Room_270;4
8ae304e3-366d-499e-a67d-4f434e8e90d3;Course_271;Instructor_271;Room_271;5
1aec021e-6175-4bca-af77-5cf4061e19d5;Course_272;Instructor_272;Room_272;4
0e84e130-0c4e-47ad-b5b3-f23dd5c4686f;Course_273;Instructor_273;Room_273;2
4845747b-b550-4911-86e7-d03ba8e2f4db;Course_274;Instructor_274;Room_274;1
358db884-3624-46f8-a1ba-53bb6ac3fd4d;Course_275;Instructor_275;Room_275;2
af8eb75a-51ed-4f18-9a05-b1e691877201;Course_276;Instructor_276;Room_276;4
4016f029-5835-4568-a341-4cd70f56207f;Course_277;Instructor_277;Room_277;5
fef2445b-77c8-4021-9ecc-b4f2ed93dc0f;Course_278;Instructor_278;Room_278;5
2ff22edb-a957-4ac5-b01b-28b69d8048bc;Course_279;Instructor_279;Room_279;3
1baeb3a1-4409-4582-b03b-5891ef91359c;Course_280;Instructor_280;Room_280;3
b5a6aa5e-8ba1-4e36-b220-fdd74dafeaaf;Course_281;Instructor_281;Room_281;4
065d0737-23eb-450f-9b16-71106058dbd2;Course_282;Instructor_282;Room_282;1
3879b373-7be7-4689-aaf4-f6e1f446ef9e;Course_283;Instructor_283;Room_283;3
8a7d4bf4-7d86-4eb8-b21f-e06d7a05cced;Course_284;Instructor_284;Room_284;2
5432fc94-4652-4339-b69e-9ce2b7a4d7fd;Course_285;Instructor_285;Room_285;5
6650f677-f808-471d-95fd-20e841ec399b;Course_286;Instructor_286;Room_286;1
7be4482c-449f-42fc-bb0f-58568b798c74;Course_287;Instructor_287;Room_287;2
1e559ae4-793a-495b-a3c2-d2f11d62a16a;Course_288;Instructor_288;Room_288;5
7a9ae0f0-7ad0-4fa0-a608-4cd9c009d1ac;Course_289;Instructor_289;Room_289;2
e84664fc-dc9e-4f7e-833a-e36e2b45abca;Course_290;Instructor_290;Room_290;1
3ee54785-c259-4c60-bad5-b04577cdfe99;Course_291;Instructor_291;Room_291;3
659d115e-5142-4ba6-b6f0-e495a76eb6f3;Course_292;Instructor_292;Room_292;5
028bd985-fc2c-4479-a0ee-e7e491cde53f;Course_293;Instructor_293;Room_293;2
f53be254-e413-4caa-bd3b-9f56b9ef2fa7;Course_294;Instructor_294;Room_294;4
0cefcfd9-fe9f-4e44-838e-b225ae7d58e2;Course_295;Instructor_295;Room_295;5
a678a041-8609-4be6-9cc0-065d4d62b407;Course_296;Instructor_296;Room_296;1
803a9370-b5a3-42a0-8075-83a40bfb6254;Course_297;Instructor_297;Room_297;4
854507ce-59ab-4490-aa0d-eff0d7e0d606;Course_298;Instructor_298;Room_298;5
6e364356-0291-4491-8d4f-9ebdae7695f8;Course_299;Instructor_299;Room_299;5
dbc0de7c-515f-49fb-a643-c012133dd04a;Course_300;Instructor_300;Room_300;5
df049776-ee1a-4999-991d-3f7c8708cbe0;Course_301;Instructor_301;Room_301;1
f1183c79-4345-48b9-bd58-d3baf29cafdf;Course_302;Instructor_302;Room_302;5
043a701a-6f0e-406a-a1da-a381c4a369ff;Course_303;Instructor_303;Room_303;4
a642b105-355d-4754-b106-85cda167f4fb;Course_304;Instructor_304;Room_304;5
19197a2b-8c88-450f-b128-91790a828d87;Course_305;Instructor_305;Room_305;3
54b23ceb-23f3-4d66-9c0b-1a90212da33d;Course_306;Instructor_306;Room_306;5
d2cb3760-c324-446b-8274-f32c4e1b52aa;Course_307;Instructor_307;Room_307;2
58697719-e131-4762-a8b6-39d9e4818199;Course_308;Instructor_308;Room_308;2
dca5b93d-6fe1-45d5-ab14-9aed4017634a;Course_309;Instructor_309;Room_309;5
28b67ea8-7b6b-4742-878f-3a9b58d6cf77;Course_310;Instructor_310;Room_310;5
1424db71-f4fc-49fe-ac18-adcf2c350183;Course_311;Instructor_311;Room_311;4
2ef0c42f-1b48-420a-8e99-cdc28eb52d9c;Course_312;Instructor_312;Room_312;5
57712d93-8f46-4ec9-8b9f-9bf2eca607d1;Course_313;Instructor_313;Room_313;1
611979ac-0a0f-4dbc-84f2-fdef22ad2b66;Course_314;Instructor_314;Room_314;4
fb67bd0e-e30e-436e-b446-74c6429a6c47;Course_315;Instructor_315;Room_315;5
6fc177f8-a279-4ff8-b5b8-30c30154162c;Course_316;Instructor_316;Room_316;5
8fdb2858-9594-435f-b779-d1d2d22445b2;Course_317;Instructor_317;Room_317;3
e55f008c-e83d-4dbb-9536-3aef1f068edd;Course_318;Instructor_318;Room_318;5
ad701fa3-c128-4c69-8f71-d7b673a82294;Course_319;Instructor_319;Room_319;3
3df3cce4-fd37-4bfd-abd1-e876101c2704;Course_320;Instructor_320;Room_320;3
f9aa1054-88a1-45ee-8a25-e12ed133d3a2;Course_321;Instructor_321;Room_321;1
4a599c7e-8971-4429-b2c0-bc2e0f73a196;Course_322;Instructor_322;Room_322;2
6120c49c-ee15-4f29-8d94-0ed018a91302;Course_323;Instructor_323;Room_323;3
203f3afe-d232-4bfa-81da-252af1e017b0;Course_324;Instructor_324;Room_324;3
d65533c6-7819-46ab-9543-ae26b9016317;Course_325;Instructor_325;Room_325;2
4c6134f6-4fe9-439a-ab85-c247f3727393;Course_326;Instructor_326;Room_326;4
3f46897b-597a-4673-b69f-ff55e717a313;Course_327;Instructor_327;Room_327;3
bd900f13-ad71-4af9-9469-f80ea8b9107c;Course_328;Instructor_328;Room_328;1
71f4c7c1-bb3d-405b-abf1-b763f043a10b;Course_329;Instructor_329;Room_329;1
271cac9f-762d-429c-a3d0-f7624216b5ee;Course_330;Instructor_330;Room_330;4
532b66a5-da17-4f2f-82e2-9c4899567a8a;Course_331;Instructor_331;Room_331;2
079f9241-6a67-424e-8013-10f46b55e542;Course_332;Instructor_332;Room_332;3
ade2139a-a847-4732-8c9d-4a4f629b1c63;Course_333;Instructor_333;Room_333;2
0720943a-d526-4318-a761-1b6246ffa81e;Course_334;Instructor_334;Room_334;4
bf660cc9-ecb6-4afb-b8c7-33cda701ea08;Course_335;Instructor_335;Room_335;1
68c668bd-44e3-4f0e-a534-23d4c26cf404;Course_336;Instructor_336;Room_336;4
f5f87750-bbc4-4509-b0b8-230a92ccd125;Course_337;Instructor_337;Room_337;5
08519e7a-6efb-469c-b103-1b7b3da67bc8;Course_338;Instructor_338;Room_338;2
fef263ce-a8bc-4767-b163-647dbcc38089;Course_339;Instructor_339;Room_339;1
0af9e8b6-f1c6-4a37-9e29-a3cace49b3c1;Course_340;Instructor_340;Room_340;3
4fe53a4c-778c-46e4-8481-6e80a4fd55d2;Course_341;Instructor_341;Room_341;5
a00f5ad7-b4f4-4686-a728-612cec4feedb;Course_342;Instructor_342;Room_342;4
051018bd-ee44-4f0d-8ead-06bbaab1aac2;Course_343;Instructor_343;Room_343;3
80108b86-9c77-4214-8c9c-600da4cc9f6f;Course_344;Instructor_344;Room_344;1
f83e2737-3e06-4e9d-8b7f-edcc7037bc46;Course_345;Instructor_345;Room_345;3
8979530b-ee91-46e0-935e-a1ec002914fc;Course_346;Instructor_346;Room_346;4
f8d3f3eb-713b-4c65-9dde-79ba334949e5;Course_347;Instructor_347;Room_347;4
244e276b-f6bd-41de-af5d-af7ef409ceaf;Course_348;Instructor_348;Room_348;4
050dd48a-8c12-4608-ab4c-ecab57dd18f6;Course_349;Instructor_349;Room_349;3
73845fd0-1bb0-4784-84a3-31d913e07724;Course_350;Instructor_350;Room_350;5
5cbcbe76-f2c5-4201-ad64-35035e11754c;Course_351;Instructor_351;Room_351;1
c265f632-d284-4364-8194-c57707110a93;Course_352;Instructor_352;Room_352;4
415a6314-eb3e-4451-ab81-98df5514ce4b;Course_353;Instructor_353;Room_353;1
fd5455c2-955f-4487-9c4d-401ce9c15082;Course_354;Instructor_354;Room_354;5
d4cb1707-f415-471a-8f7b-c569b32136f9;Course_355;Instructor_355;Room_355;4
80141efe-5d17-453e-a806-d08b3f18ec53;Course_356;Instructor_356;Room_356;3
d2e360ed-d93c-43af-abff-26dab911923d;Course_357;Instructor_357;Room_357;2
15065eb1-67ff-40af-9123-85e0f9da18c3;Course_358;Instructor_358;Room_358;5
4beaf9fa-9649-4788-ab79-63cc4fd6d271;Course_359;Instructor_359;Room_359;4
7ce8575f-0358-434d-a19d-e6c5c9558dfe;Course_360;Instructor_360;Room_360;2
40c793cc-af68-4232-ae75-9934851d00cc;Course_361;Instructor_361;Room_361;4
d93f20dc-41b3-4e9a-a0ec-89529df55554;Course_362;Instructor_362;Room_362;3
82d28bdf-c6bd-43ab-8cb5-58d8b6895abe;Course_363;Instructor_363;Room_363;4
f4b42f88-d667-48ca-951e-84917ea6ad10;Course_364;Instructor_364;Room_364;5
9e5e0c2f-edd3-4319-9a32-a6d83fa798ae;Course_365;Instructor_365;Room_365;4
4aa16660-e955-4235-ad05-292756cc6108;Course_366;Instructor_366;Room_366;5
f271ba37-ccdb-4b09-97c5-4763f8b3fd9d;Course_367;Instructor_367;Room_367;4
4f64a884-5b43-4602-8f37-d109e078cf25;Course_368;Instructor_368;Room_368;5
e0521ccf-ef44-49bd-a244-58c465f6f752;Course_369;Instructor_369;Room_369;2
c2159d79-5cf5-455a-8013-242b48c0b7d7;Course_370;Instructor_370;Room_370;5
6f9373e7-a080-407a-ae66-166b1bb91699;Course_371;Instructor_371;Room_371;2
6ea5f18a-ca39-4d06-b0d6-bea6e521a911;Course_372;Instructor_372;Room_372;5
7e2b29fb-57fd-4273-8b2e-e948c9ea0ed1;Course_373;Instructor_373;Room_373;2
0625d8c0-f176-468d-9052-4fa30c59422c;Course_374;Instructor_374;Room_374;5
ef195bf9-f37c-466a-b950-785ce02cbd29;Course_375;Instructor_375;Room_375;3
32a2a2ad-c9d6-4898-847d-dd6c446c3976;Course_376;Instructor_376;Room_376;1
6381225f-00f9-477a-a2bb-60caee400ad6;Course_377;Instructor_377;Room_377;5
0cbfd0ac-4358-4bfd-8916-715dea789e3c;Course_378;Instructor_378;Room_378;2
f063921d-19af-45e7-bf97-4ac72178e90d;Course_379;Instructor_379;Room_379;2
7d34cc89-628c-454e-abff-309fc408588e;Course_380;Instructor_380;Room_380;1
3c252e3c-b286-4215-887c-2f2ade975f3a;Course_381;Instructor_381;Room_381;3
659907b6-d73f-4bb1-ba73-a3c98136c843;Course_382;Instructor_382;Room_382;5
51dee7f6-7b42-4a1f-bd10-3da9ca5d2c0d;Course_383;Instructor_383;Room_383;2
080936f8-ee21-487b-8066-41d732656d1a;Course_384;Instructor_384;Room_384;5
7282e206-8af7-4d1c-b50b-f02e821c2414;Course_385;Instructor_385;Room_385;5
a713db6d-ad77-455f-94cd-7e0497edaf53;Course_386;Instructor_386;Room_386;2
d9435987-2314-4681-9339-62d9a848c877;Course_387;Instructor_387;Room_387;5
53ff7ce8-80bf-4061-be14-d831b58a9ee4;Course_388;Instructor_388;Room_388;5
8f8e8ed8-5a66-4519-85a1-4c91f9f517a9;Course_389;Instructor_389;Room_389;1
89a4999d-17e3-4762-85b8-5f16cf2fbfed;Course_390;Instructor_390;Room_390;1
74f30fd7-5875-4906-884a-b65fba338b54;Course_391;Instructor_391;Room_391;3
8c97f99a-a913-4ea4-ab63-7b472d1d45f8;Course_392;Instructor_392;Room_392;3
d40cb486-d7ed-43b9-950a-49536da815bb;Course_393;Instructor_393;Room_393;2
49decaae-fbfc-4074-b0fb-4a803d210980;Course_394;Instructor_394;Room_394;5
bd652c65-6d91-420c-a458-568478b6dcb7;Course_395;Instructor_395;Room_395;1
c2c941e5-55b4-4bf3-bac6-d4feb72e214f;Course_396;Instructor_396;Room_396;1
59074535-f753-4413-a21f-9d7092f3a712;Course_397;Instructor_397;Room_397;5
192bbe17-d28c-43ac-aa24-eb837fce7b72;Course_398;Instructor_398;Room_398;2
a758b104-22bd-4dd9-9877-28736ba81ddc;Course_399;Instructor_399;Room_399;3
82d2ec17-76ed-4099-b067-1d817341fd3d;Course_400;Instructor_400;Room_400;1
7ed875c6-29b9-487b-8207-69890c08e469;Course_401;Instructor_401;Room_401;2
255b0dc3-36e1-4aa1-ad0a-d99e768b88ed;Course_402;Instructor_402;Room_402;2
abb4ff07-b563-40a4-96b3-7545e2c50370;Course_403;Instructor_403;Room_403;1
ee6b8e20-3a86-433d-b068-3ba0d7abc733;Course_404;Instructor_404;Room_404;3
357056f2-565a-4ab2-8216-3b9f790519d1;Course_405;Instructor_405;Room_405;1
0cf37057-3707-4418-a95a-979e2339e735;Course_406;Instructor_406;Room_406;4
6c9e782e-b554-4355-9398-c3fd5125dbba;Course_407;Instructor_407;Room_407;1
bb733b60-44db-47c5-ac64-7fd91d5971c1;Course_408;Instructor_408;Room_408;2
c8be284d-a7e0-46f9-a197-4dcff5f3a8c1;Course_409;Instructor_409;Room_409;4
f73d82ed-ea72-4630-950e-52c353be2832;Course_410;Instructor_410;Room_410;5
c88ab057-3a90-41ee-afba-7b8d3b65d586;Course_411;Instructor_411;Room_411;5
2bb19389-7d0d-4178-9841-5e4242eba914;Course_412;Instructor_412;Room_412;4
0a9e7154-b98f-4f8c-b20e-1fa27e5db88c;Course_413;Instructor_413;Room_413;4
ccee5524-722f-47f6-90bb-255cf8f0f29d;Course_414;Instructor_414;Room_414;5
35cecaf5-5762-4a1d-a699-98a39428f183;Course_415;Instructor_415;Room_415;2
10f64b00-fc75-473f-8e30-8f1b007c783e;Course_416;Instructor_416;Room_416;2
b94366b1-4f6c-4eb8-8172-92e75b67562c;Course_417;Instructor_417;Room_417;1
516e98d3-83aa-48b5-be0f-7f6faba8b994;Course_418;Instructor_418;Room_418;5
280606ed-a3db-464a-b230-2e3e846954c0;Course_419;Instructor_419;Room_419;5
7bdb13da-1fa0-4f13-b09c-53bd44aa25bc;Course_420;Instructor_420;Room_420;4
cde678ea-b409-43c1-8f18-4e0a675a3b2c;Course_421;Instructor_421;Room_421;5
42f11d4d-ef0c-4737-a508-d2a56fbab0c7;Course_422;Instructor_422;Room_422;4
3accb4bc-0f01-4aa5-a457-d1109a995dc7;Course_423;Instructor_423;Room_423;2
1b28aa47-d5cd-4eb1-9988-cd3f9f9e4c09;Course_424;Instructor_424;Room_424;1
e9666713-a316-4f2e-a8f9-6e33b58e329f;Course_425;Instructor_425;Room_425;4
81e77100-f624-4c1a-8b1c-d88c14c7168a;Course_426;Instructor_426;Room_426;4
dd421b68-7dcc-4ff3-8c9c-fec1ce6f8cfe;Course_427;Instructor_427;Room_427;5
fdf04e8c-cfad-4feb-b06f-2d93236bb06b;Course_428;Instructor_428;Room_428;2
f018903f-e6ae-4fd9-a597-653379812225;Course_429;Instructor_429;Room_429;2
888036e0-6bf4-4845-a137-1cf14083d215;Course_430;Instructor_430;Room_430;2
3055e6ac-4ff4-4c8b-bab5-45275b3d7829;Course_431;Instructor_431;Room_431;4
c017d6d0-e915-4d36-9975-263f51bfbff7;Course_432;Instructor_432;Room_432;4
b44614e2-b0de-4c2d-9ec7-13d9447ad635;Course_433;Instructor_433;Room_433;1
21b64b76-c412-4d0c-85f8-87bf0cd14ef0;Course_434;Instructor_434;Room_434;3
24b1b981-3079-4cff-959b-93f036a05ea1;Course_435;Instructor_435;Room_435;1
42a92efc-7004-4319-9739-3d34c017e1e0;Course_436;Instructor_436;Room_436;3
bdacd1e7-d5f6-4d84-b199-055c5edad2a0;Course_437;Instructor_437;Room_437;4
a2ca8d75-c8f3-4c06-a677-b0f8103a62f3;Course_438;Instructor_438;Room_438;4
6c40395b-72c4-486e-b885-95f30a426936;Course_439;Instructor_439;Room_439;1
81e42a26-e2e6-4ad2-9894-010d468bea7f;Course_440;Instructor_440;Room_440;4
0ed2550b-e859-4106-84de-aa7b845ab156;Course_441;Instructor_441;Room_441;1
ebf25520-2a05-44b2-a6e5-781e2f5f7842;Course_442;Instructor_442;Room_442;4
f85efb67-065f-417c-930d-128b92a003d5;Course_443;Instructor_443;Room_443;2
69aadabf-5575-4a7c-903d-2919d46ac143;Course_444;Instructor_444;Room_444;2
7853df5a-461b-482f-8321-3d5c318a1917;Course_445;Instructor_445;Room_445;2
3ed1397d-c87e-4437-94c5-34e6f79c085f;Course_446;Instructor_446;Room_446;3
63e9ff2b-2b03-4353-bfa7-5dfead1ef6c5;Course_447;Instructor_447;Room_447;1
1a1236ed-97e9-4dc6-acf0-b015f0fe1641;Course_448;Instructor_448;Room_448;5
1fd79edc-6b88-41b1-bd54-f128db3e5cd9;Course_449;Instructor_449;Room_449;1
da1ea35b-ed14-4f87-8787-85cbec3de95e;Course_450;Instructor_450;Room_450;3
bc7699ee-dd42-4de9-afde-37f2bc6db35b;Course_451;Instructor_451;Room_451;3
428bf84c-5c50-412a-873e-51cd2956438d;Course_452;Instructor_452;Room_452;5
c4b67905-79f8-4b42-8694-6fbf288b02e2;Course_453;Instructor_453;Room_453;1
0c76b87a-52a8-4ade-b17c-e0ea63a8fc98;Course_454;Instructor_454;Room_454;4
b4ac880a-ff76-4bb0-8db0-69ab10347b90;Course_455;Instructor_455;Room_455;4
3046129f-4e5a-4f0c-a304-eeaf3c0501aa;Course_456;Instructor_456;Room_456;1
22827100-e9aa-4db0-873e-ee3486abb99b;Course_457;Instructor_457;Room_457;1
601cfc38-e6ca-4b82-a2f1-dcbc610a3ef9;Course_458;Instructor_458;Room_458;2
1502faf5-6f8c-4ac9-b8f9-79e12dd78dfa;Course_459;Instructor_459;Room_459;5
1b60d4cd-60b0-4649-a653-d4e06aaab81f;Course_460;Instructor_460;Room_460;1
e321f749-1802-4ec2-bba3-8e04c3c31820;Course_461;Instructor_461;Room_461;3
99a39128-3cd0-4f5e-a045-0401169a4fc4;Course_462;Instructor_462;Room_462;4
416869ce-b466-4351-9479-d7b69a044dfd;Course_463;Instructor_463;Room_463;4
165be639-983e-4422-9bd0-b88abd8f4593;Course_464;Instructor_464;Room_464;4
cf908d1f-42e9-4dc2-842d-3cd764e0c24e;Course_465;Instructor_465;Room_465;2
5abd05d7-4fbc-46d5-888e-abdd15157c5a;Course_466;Instructor_466;Room_466;2
c0da0cd9-80c5-4c90-a4dd-e595a1f4228f;Course_467;Instructor_467;Room_467;1
3e32900a-21b8-48bd-ba14-c5ec988cc50b;Course_468;Instructor_468;Room_468;5
93495715-0702-40b8-9000-311ab670ee1c;Course_469;Instructor_469;Room_469;2
40e30d02-40b3-40fd-b6c3-26450e12b352;Course_470;Instructor_470;Room_470;4
e5b411ce-e119-43cd-8cb6-0bb996780820;Course_471;Instructor_471;Room_471;4
48e4a79d-b7d4-4000-94f0-5fae38930e6e;Course_472;Instructor_472;Room_472;2
224c09d9-5077-4faa-baab-56ef4f628f9d;Course_473;Instructor_473;Room_473;2
a5ee42b1-0b97-4e06-8cde-719a25aaf643;Course_474;Instructor_474;Room_474;1
9f9e713c-5686-4610-bdee-1d5225ae8a2b;Course_475;Instructor_475;Room_475;1
60c17d14-5467-4411-905b-fad15b0ee925;Course_476;Instructor_476;Room_476;4
6e33173c-339c-471e-9f9e-93aa3d9c6859;Course_477;Instructor_477;Room_477;1
3ed9b728-de2b-4956-9d28-01b629948a3c;Course_478;Instructor_478;Room_478;3
c5192087-006c-4efb-aa78-1b3d007fe3b9;Course_479;Instructor_479;Room_479;3
1d6c131f-3f87-4490-ac1d-c756e3b13868;Course_480;Instructor_480;Room_480;4
0ed369c3-a096-4d65-866b-0feef8f3b03c;Course_481;Instructor_481;Room_481;2
a1f9cfe5-bd14-4c97-90d3-a40f40abd40d;Course_482;Instructor_482;Room_482;1
6491b91e-9aef-46c1-83f6-5a407d111ffa;Course_483;Instructor_483;Room_483;1
1b75d69b-db72-47ae-a7c5-a83299a8f947;Course_484;Instructor_484;Room_484;5
1f3ef637-1ca5-432b-ab30-41ced65048b3;Course_485;Instructor_485;Room_485;4
2fca085b-c8de-4f6d-833c-5cae8ee762a5;Course_486;Instructor_486;Room_486;3
2630b038-83ba-4b34-8ccf-8c3d6997d9d2;Course_487;Instructor_487;Room_487;5
9ea01cc8-9609-411d-b37d-bdbaed839589;Course_488;Instructor_488;Room_488;4
2dfba50e-4971-488c-8c1b-461b920bde6d;Course_489;Instructor_489;Room_489;4
8f60503d-2318-438d-b38c-e19f94c80da9;Course_490;Instructor_490;Room_490;4
c37e708f-02f9-4470-80e5-e6fbbb845c12;Course_491;Instructor_491;Room_491;3
74fb7ea7-050c-45f8-a7ed-30deb3cc2c00;Course_492;Instructor_492;Room_492;3
49f18508-309f-416a-a052-4131c88527eb;Course_493;Instructor_493;Room_493;5
036be4c1-5a30-4af5-b49b-ace89107108e;Course_494;Instructor_494;Room_494;4
97482477-37be-49ae-992d-0513f369562f;Course_495;Instructor_495;Room_495;5
bf172290-1500-455d-acd5-1416a1fa644c;Course_496;Instructor_496;Room_496;4
d6c65903-bcf3-4769-addc-b51131fcc569;Course_497;Instructor_497;Room_497;4
2f4f8a61-8d50-4520-a5e8-573403c47f1b;Course_498;Instructor_498;Room_498;4
b411a0fc-641f-44c2-876c-8f74e9972613;Course_499;Instructor_499;Room_499;3
8257df40-2c53-430f-992b-a269a5b6868e;Course_500;Instructor_500;Room_500;2
144a8a21-b299-4c10-b21b-6283e715422d;Course_501;Instructor_501;Room_501;3
f6f558b9-4f5f-48af-a6bf-fc7c132dfed5;Course_502;Instructor_502;Room_502;5
15721c91-147f-4495-aff1-23a8fe9b7070;Course_503;Instructor_503;Room_503;2
0990b1f1-4823-480d-a904-dd51377504d4;Course_504;Instructor_504;Room_504;4
e5042dc3-befd-4b36-887d-749830f0ef12;Course_505;Instructor_505;Room_505;2
25f3d9f7-b42d-404b-9276-530c414139d0;Course_506;Instructor_506;Room_506;3
8155a41f-c436-4f30-abf2-8e5ac7efebb0;Course_507;Instructor_507;Room_507;3
13508160-f793-4ffc-9b1b-14c73bf3e9d1;Course_508;Instructor_508;Room_508;3
b7799784-1eb3-467b-9940-86025d4551d3;Course_509;Instructor_509;Room_509;4
64296c0b-f507-42a5-9eb7-049c1c017c12;Course_510;Instructor_510;Room_510;5
049828e9-4a94-49da-841b-4d4b582acf11;Course_511;Instructor_511;Room_511;2
52e7b4d7-7dd9-4e4a-84fd-d23a8af78a29;Course_512;Instructor_512;Room_512;5
c5069b66-85bc-4da3-9613-c18922323734;Course_513;Instructor_513;Room_513;2
82616d02-0623-4198-a8b5-c8d3cf4bad7f;Course_514;Instructor_514;Room_514;1
e17a68a0-5926-4e43-afa3-e3c4d31ab08c;Course_515;Instructor_515;Room_515;2
fca93a55-fb30-4e8b-be7a-3808853ae05f;Course_516;Instructor_516;Room_516;4
cc04f83b-43e7-4dc7-9e54-ee03b4b8d772;Course_517;Instructor_517;Room_517;5
162740f8-15a7-41a5-b378-4df70685857a;Course_518;Instructor_518;Room_518;2
2961e615-976f-4895-8fb5-2b99b2d105d6;Course_519;Instructor_519;Room_519;1
e54df461-a8b5-4533-849e-34e9dd9f7749;Course_520;Instructor_520;Room_520;2
d8ab59b9-decc-459f-994a-48a964273e73;Course_521;Instructor_521;Room_521;4
ecef7fa5-0db3-4297-9513-58d6fb806f4a;Course_522;Instructor_522;Room_522;1
9d871218-6cc6-4ebf-a2e2-7e486df4b40b;Course_523;Instructor_523;Room_523;2
29d5da7e-714e-4ce1-b180-330d16bd5e32;Course_524;Instructor_524;Room_524;5
e116de05-0b53-499a-99d7-5b394e643df6;Course_525;Instructor_525;Room_525;5
1f715aae-a317-4585-a991-7ffa69bee2a9;Course_526;Instructor_526;Room_526;1
c0ed4b3d-e5ab-4eed-b8d1-0d89bb69f66f;Course_527;Instructor_527;Room_527;2
da97ae4f-be70-4b03-8cef-856e6dfd2a58;Course_528;Instructor_528;Room_528;2
0de4cfe1-bfde-4a08-86e4-2dba8b53ce9f;Course_529;Instructor_529;Room_529;2
b1918ead-8ba4-48ef-a8ea-0938106e4420;Course_530;Instructor_530;Room_530;2
7ceb2317-f43e-47b5-9d5e-0d0e000dbe95;Course_531;Instructor_531;Room_531;2
aab153b9-ee45-4da4-a1e4-e416df1ce14c;Course_532;Instructor_532;Room_532;2
d107bca5-d838-4ab8-9438-fb3fcdca21a2;Course_533;Instructor_533;Room_533;2
1da25c1b-388e-415c-abc0-e80443f3b2b1;Course_534;Instructor_534;Room_534;5
10e85559-07a5-4cc2-9f48-dd3c3380ddf4;Course_535;Instructor_535;Room_535;2
a66bbbe0-aa4a-4157-a995-1485e996417e;Course_536;Instructor_536;Room_536;3
c34dd762-efed-413b-82ef-d943e4399533;Course_537;Instructor_537;Room_537;4
727f7b2a-7455-4beb-8f72-7f076b3d0779;Course_538;Instructor_538;Room_538;4
d60618e5-b233-4789-b32f-0da2c628e77e;Course_539;Instructor_539;Room_539;2
1d732e3e-9a94-4af3-a153-c905a14539a2;Course_540;Instructor_540;Room_540;2
0baa8f12-9951-46c9-b322-cf3482ed5d41;Course_541;Instructor_541;Room_541;5
2660d29e-2c82-4133-9eab-05533e67d94e;Course_542;Instructor_542;Room_542;5
5a647bb0-e07f-4bdc-a661-3d38733a1574;Course_543;Instructor_543;Room_543;5
13c6a281-427a-4be8-86ec-2926a4b321dd;Course_544;Instructor_544;Room_544;2
29b4b8bb-dc38-4543-936c-be0b99fbbde7;Course_545;Instructor_545;Room_545;3
38756ace-c581-4d65-800b-87274b507c41;Course_546;Instructor_546;Room_546;1
545a80d2-a0e0-4a3a-95d6-d8fba71912c1;Course_547;Instructor_547;Room_547;3
735dc482-7bc2-4f9a-a7ae-19f3dcb7fdda;Course_548;Instructor_548;Room_548;5
a7ad00ad-be77-4441-9ed1-9364ffc8b3ef;Course_549;Instructor_549;Room_549;1
877bca28-93be-4f29-a7b5-6dec9265499b;Course_550;Instructor_550;Room_550;5
ad8e5e84-1d1b-4467-a77b-8aecda437ef5;Course_551;Instructor_551;Room_551;2
dfac5569-b66c-4bb4-a729-56bebf35cb04;Course_552;Instructor_552;Room_552;5
7800aa73-459d-40d9-b03b-df7d87ef012c;Course_553;Instructor_553;Room_553;2
83e9cddf-a70b-4932-9ab0-896da6c25b25;Course_554;Instructor_554;Room_554;4
cf47b617-c4b4-4618-b7de-d04942842548;Course_555;Instructor_555;Room_555;2
c64da5e0-c2da-429d-bfaa-08fa20c64f4c;Course_556;Instructor_556;Room_556;3
73668d9d-2381-4f2a-b1b9-a0c8933a832e;Course_557;Instructor_557;Room_557;2
9cfdadba-f330-4f12-960f-7b1b5fc5749f;Course_558;Instructor_558;Room_558;5
c7695213-aba8-44ac-ae7e-dd904b7c0842;Course_559;Instructor_559;Room_559;3
7638b945-ccbb-456a-b6e0-b25febe44be2;Course_560;Instructor_560;Room_560;2
20859240-13ca-4722-a483-80b5a30b82b5;Course_561;Instructor_561;Room_561;5
df5895ce-089e-4327-8430-3e90e8cea7df;Course_562;Instructor_562;Room_562;4
d66ba06d-e452-4bd8-b073-f0a20c560c4f;Course_563;Instructor_563;Room_563;1
6c47d6f3-b319-4ce2-92fc-a42ef748d95b;Course_564;Instructor_564;Room_564;5
f77bfc89-b659-4013-b7fd-4b052c9ad8b9;Course_565;Instructor_565;Room_565;2
5934924e-c1a4-4acd-8586-e8763987d779;Course_566;Instructor_566;Room_566;2
a35e5433-783c-481a-b500-f84c93385b4a;Course_567;Instructor_567;Room_567;4
2fb7b6e5-838b-41ff-b932-8bab61bacd4a;Course_568;Instructor_568;Room_568;2
e1fdff19-58c9-4243-be28-532a81b9764f;Course_569;Instructor_569;Room_569;5
5a52a9db-2bc2-4c43-b415-d79eb9a728ae;Course_570;Instructor_570;Room_570;1
ac2a601b-08e4-4e25-8607-f55317f119ba;Course_571;Instructor_571;Room_571;1
62ee8c27-241e-4a20-b2df-9a6b590ab581;Course_572;Instructor_572;Room_572;4
c5cb3888-1046-4451-86de-868e03a1c3d8;Course_573;Instructor_573;Room_573;2
f2988a1b-0aef-4989-bdba-e9d61115aab2;Course_574;Instructor_574;Room_574;2
6152a496-946c-432f-a298-088301885dbe;Course_575;Instructor_575;Room_575;3
f6851c92-e9b3-4639-b76a-f8fd0b78b1e4;Course_576;Instructor_576;Room_576;1
0dd61b16-80eb-4294-9662-ef8c981402cf;Course_577;Instructor_577;Room_577;5
69a9fbd9-9759-4591-8caa-515c3e191e09;Course_578;Instructor_578;Room_578;1
bf06ad1c-c4f5-4a80-b4db-17891de03760;Course_579;Instructor_579;Room_579;3
a2d979bf-d9f3-4ec8-b5ab-abd528777cce;Course_580;Instructor_580;Room_580;3
b56ff927-fd1d-4439-b524-d11ed3b56abb;Course_581;Instructor_581;Room_581;5
21dfb950-5c94-4863-9522-3e84fbb19ab0;Course_582;Instructor_582;Room_582;4
480dce62-eed0-490c-851d-4ecffa084ba1;Course_583;Instructor_583;Room_583;3
c52c9ed6-4f28-4058-abbf-4eefbd98703b;Course_584;Instructor_584;Room_584;1
3999b49e-31a4-4ceb-a50c-556eae9fd53a;Course_585;Instructor_585;Room_585;1
b56f9a6b-fa02-4014-9fae-dee723175920;Course_586;Instructor_586;Room_586;1
ab1a5857-b256-4588-8b64-43afa3f23d4c;Course_587;Instructor_587;Room_587;4
111ea52a-ab0e-42a4-a4de-09e0979b15f0;Course_588;Instructor_588;Room_588;4
2c37b6a6-6fa5-4ab0-a58d-74bb8257d60a;Course_589;Instructor_589;Room_589;2
e166c7eb-1062-480c-8221-3e6eccc0cf2a;Course_590;Instructor_590;Room_590;5
3755f017-a25a-496d-ad44-bdff728e9588;Course_591;Instructor_591;Room_591;3
fb9257f8-7ea5-4da4-babf-0908adf879b3;Course_592;Instructor_592;Room_592;3
eeae3552-0a0e-4020-b0fa-4a3f1b35e67c;Course_593;Instructor_593;Room_593;2
35b1c21c-90f6-4f84-8b0b-c286f37b7df4;Course_594;Instructor_594;Room_594;3
d94b7a7e-b8cf-4c2b-b375-94a4b9f7f5ae;Course_595;Instructor_595;Room_595;4
15443b0c-48f1-4fd2-ade8-6cb608d8ec65;Course_596;Instructor_596;Room_596;3
0a7a8956-cc16-40d0-825d-94e49565bbe5;Course_597;Instructor_597;Room_597;1
b352a241-8cc0-4de7-934c-a065739ed085;Course_598;Instructor_598;Room_598;1
1441a222-9726-4481-9f8f-05ac323f702d;Course_599;Instructor_599;Room_599;2
64dbcf96-a4ce-4161-949f-c9a5047ccc30;Course_600;Instructor_600;Room_600;3
a9116472-30cf-427f-8af4-5869f142f5b6;Course_601;Instructor_601;Room_601;4
579de14e-2661-4208-b2e9-3ccccf97cf8a;Course_602;Instructor_602;Room_602;4
94ac1b57-4913-4c47-947a-174636bb1683;Course_603;Instructor_603;Room_603;5
cd314423-4e6d-4ecf-8642-d1c9465dfdfb;Course_604;Instructor_604;Room_604;2
6f4288cb-25cb-45c8-81e0-057fdae57364;Course_605;Instructor_605;Room_605;5
30c830eb-5b88-4323-8f8b-736382e9c488;Course_606;Instructor_606;Room_606;1
17dcfaa0-269b-4bb6-b06f-71f902dd6da8;Course_607;Instructor_607;Room_607;5
dc7c8501-33b2-4c4d-b78a-b8576b88219e;Course_608;Instructor_608;Room_608;5
f2fabd32-c365-48ba-a7d5-641438a5196d;Course_609;Instructor_609;Room_609;3
91c69a58-0db0-4274-939a-41fbda23e61c;Course_610;Instructor_610;Room_610;2
ab51e00a-ec9c-4b09-8547-780aa6c7f8c6;Course_611;Instructor_611;Room_611;4
2bf915de-aba1-42ff-ab16-63d307722d86;Course_612;Instructor_612;Room_612;5
be058b88-3d40-4c75-8102-45ac9c47a125;Course_613;Instructor_613;Room_613;1
710c8c4c-1b98-4130-b0d6-e16386058748;Course_614;Instructor_614;Room_614;4
9c4a8120-3b32-4deb-8084-ebf118e5a923;Course_615;Instructor_615;Room_615;2
f5c667bb-0101-4769-9e8b-79a664e648e5;Course_616;Instructor_616;Room_616;1
5a6daa12-d4e9-477d-a47b-090283a461b8;Course_617;Instructor_617;Room_617;4
35ef9312-3de5-43e3-919d-db99ef913771;Course_618;Instructor_618;Room_618;4
b2425638-e6f1-4468-be7a-6a089ab1012f;Course_619;Instructor_619;Room_619;4
dfa81265-9279-4b27-8e42-52d8ffce2071;Course_620;Instructor_620;Room_620;1
138f6505-ad63-44e7-9d89-e7153d9cd960;Course_621;Instructor_621;Room_621;5
f29db560-adda-42e3-8d4c-8bebd3c5989d;Course_622;Instructor_622;Room_622;2
2218ace1-4935-4b22-a5f2-ff13655707f1;Course_623;Instructor_623;Room_623;3
07048196-5a40-4e11-8ea1-de38d03a85f9;Course_624;Instructor_624;Room_624;4
9139845b-08d6-44b4-8781-4f7c30007521;Course_625;Instructor_625;Room_625;4
93e5ce26-6020-449b-b795-f33401fc2fb4;Course_626;Instructor_626;Room_626;1
54953efc-1d16-4d82-bbc5-8c5b9f98947f;Course_627;Instructor_627;Room_627;5
1a359968-2090-45ff-be94-1dc3ff3df393;Course_628;Instructor_628;Room_628;5
c7dc9655-0a18-42b2-94e4-99f7685568b8;Course_629;Instructor_629;Room_629;5
ac11e6ed-7479-4160-bf13-f84863fe07cc;Course_630;Instructor_630;Room_630;1
d821e204-df25-468e-91a4-a05eb976e8d3;Course_631;Instructor_631;Room_631;5
63f3adac-0af9-4a7d-aa12-8a2984e6023f;Course_632;Instructor_632;Room_632;4
35974af9-3d19-4181-8db4-c8c19c818e1c;Course_633;Instructor_633;Room_633;3
8fafd252-3414-4beb-832e-2fa3471120f6;Course_634;Instructor_634;Room_634;5
a8fff811-c708-4a40-94fd-54241ce81a2e;Course_635;Instructor_635;Room_635;3
ae13d18f-f15b-4f1e-a0b0-000b66cfd0f7;Course_636;Instructor_636;Room_636;1
703ed7b8-d9ff-4bba-93c0-e4eb2d6e49cc;Course_637;Instructor_637;Room_637;1
b4e6547e-e5c0-430b-89af-9ae6016e7dbc;Course_638;Instructor_638;Room_638;1
6c14c3e5-5191-4423-b57a-e4a97e9b8f15;Course_639;Instructor_639;Room_639;5
cb431daa-d438-40e9-b4f0-caf152c29154;Course_640;Instructor_640;Room_640;4
cc8183fc-79aa-4794-87f6-2f9e79b88be2;Course_641;Instructor_641;Room_641;3
0da1af27-6d3c-4802-beb2-fb49f1e95093;Course_642;Instructor_642;Room_642;1
1c26a497-f5fc-49a7-8dc1-1181b2905322;Course_643;Instructor_643;Room_643;5
f3170c50-6ae3-432a-9afe-91a6279c7bce;Course_644;Instructor_644;Room_644;2
c3c7d9e2-5461-4823-b962-b1334d689a30;Course_645;Instructor_645;Room_645;3
6904b7d0-3ac0-4016-bd3f-156ef32551af;Course_646;Instructor_646;Room_646;5
361dc5c9-ef0f-4802-b807-6dd48662028f;Course_647;Instructor_647;Room_647;3
87237c92-cb92-4d59-9b42-930f7a76e122;Course_648;Instructor_648;Room_648;1
a5b51da6-84e0-43ba-94d9-888c96ecfa20;Course_649;Instructor_649;Room_649;4
d8de7d01-ed5c-4752-ab34-2c3829dc89fd;Course_650;Instructor_650;Room_650;4
4df921f8-499e-432a-840b-86a387b876f0;Course_651;Instructor_651;Room_651;5
f9b99b5f-1b19-43b7-b638-4832c2205739;Course_652;Instructor_652;Room_652;1
309a2514-966e-4906-a0b0-e74dc11a178d;Course_653;Instructor_653;Room_653;5
8f282234-4fc1-428a-a2a3-14076ddeb8ef;Course_654;Instructor_654;Room_654;3
a70ecf17-5a03-43fa-9170-4ddeabee2a7b;Course_655;Instructor_655;Room_655;5
6600298a-f0a4-4a58-a796-b3b3f3253a16;Course_656;Instructor_656;Room_656;3
783ef7c0-3bd5-4245-bd7b-a9317c07c0c6;Course_657;Instructor_657;Room_657;5
e6341a91-e066-47cd-a0ea-3103b04de80c;Course_658;Instructor_658;Room_658;5
28088689-2843-4cf3-8eb5-853cfcc9c417;Course_659;Instructor_659;Room_659;2
35ded475-d8c2-4c95-b56c-91a4ea8fcb3a;Course_660;Instructor_660;Room_660;2
a710a67d-f29c-413c-83b6-7055924979be;Course_661;Instructor_661;Room_661;3
2ab34a23-8e09-4535-9db9-bee0d0e3b0d8;Course_662;Instructor_662;Room_662;4
69be8ee3-e3aa-4f6a-9db7-7786ae9567d8;Course_663;Instructor_663;Room_663;3
afe38bd4-94d6-401c-b5a9-95af9df78037;Course_664;Instructor_664;Room_664;5
d69bd4b9-3645-4c90-b702-a56f6e8364ee;Course_665;Instructor_665;Room_665;2
6d72f477-b2d4-4431-ba2f-3e5d0b2a1e83;Course_666;Instructor_666;Room_666;4
237b62c1-ff88-433b-bad2-a3080e4ba30b;Course_667;Instructor_667;Room_667;1
da0368ff-012b-441d-b72b-5edb16faacb9;Course_668;Instructor_668;Room_668;2
721d9e21-2ea1-49e2-9c7d-a7210ca06c01;Course_669;Instructor_669;Room_669;5
1a7f30fe-9dd9-4001-9f0e-487cd132e131;Course_670;Instructor_670;Room_670;3
45dab674-6743-43b1-be9e-354022148737;Course_671;Instructor_671;Room_671;5
d1ddc143-443e-4849-8ad9-d3ce44434f42;Course_672;Instructor_672;Room_672;4
37cef2e7-6251-4e60-8328-85deef47ee94;Course_673;Instructor_673;Room_673;3
335a14f7-2c06-4b4a-8785-880bccc009a0;Course_674;Instructor_674;Room_674;3
74a8766e-5257-4481-8392-4b520c5c46cc;Course_675;Instructor_675;Room_675;5
40ab3df5-299b-40fd-abba-eedaeb8c9c09;Course_676;Instructor_676;Room_676;3
b3da7c0d-c3dc-4884-b6ba-ec1f2db18859;Course_677;Instructor_677;Room_677;3
736592ee-6ee5-460e-b408-0cf82882ce4c;Course_678;Instructor_678;Room_678;1
1e4cb81c-c1a3-4faf-8bd8-49fcea62b45e;Course_679;Instructor_679;Room_679;4
eb1620a5-d352-4892-a20b-3c5e83ea955d;Course_680;Instructor_680;Room_680;2
538c2436-2b12-4726-a03b-32a1a1bc1b13;Course_681;Instructor_681;Room_681;3
eabfd24a-ada9-4bcf-9c23-672e3e6b3e4d;Course_682;Instructor_682;Room_682;2
fe120a3c-e4b6-4d16-a260-b43f495d0345;Course_683;Instructor_683;Room_683;5
5e8c92c4-02b5-4435-b8da-337905e4851e;Course_684;Instructor_684;Room_684;1
459e83a1-0498-4fbe-9766-97f17bdeeb04;Course_685;Instructor_685;Room_685;4
a913d345-c441-4f5c-b594-3b4a350c923e;Course_686;Instructor_686;Room_686;5
cc7e6559-b0a9-48a5-b36d-9e63911ad539;Course_687;Instructor_687;Room_687;2
358c346b-6c26-4228-8722-b642fe946989;Course_688;Instructor_688;Room_688;3
253ca48a-6f5e-43bb-8900-983834bfb125;Course_689;Instructor_689;Room_689;4
3d739853-5c05-437a-b307-4a666b89ca6a;Course_690;Instructor_690;Room_690;4
1242e431-1bf8-4d5b-b08d-0c7df3ee1b9f;Course_691;Instructor_691;Room_691;5
e52a15b7-de19-40ee-8686-2ec9cd45c273;Course_692;Instructor_692;Room_692;5
48c40433-d953-469c-9db9-6ae77229ecce;Course_693;Instructor_693;Room_693;1
e0d6ed24-a698-43ff-91d7-aca30449bd84;Course_694;Instructor_694;Room_694;4
89e382a1-fc94-4629-bad2-3e0a7e8a6633;Course_695;Instructor_695;Room_695;4
64a07533-6923-4997-a955-cb8fe1f44eea;Course_696;Instructor_696;Room_696;5
dcf69120-2806-497b-a649-a8927b45726e;Course_697;Instructor_697;Room_697;5
ae903328-516b-490c-bf09-e8614c4001b8;Course_698;Instructor_698;Room_698;4
6f9fa7c4-c97b-4ce5-91dd-ee367761e314;Course_699;Instructor_699;Room_699;2
ee86ebe4-1b46-4d5a-a5ee-d3fa7c5706ce;Course_700;Instructor_700;Room_700;2
6b2c7a2d-0344-44f0-8c95-bd351fc45248;Course_701;Instructor_701;Room_701;2
96665b54-3c4e-4ea8-93b8-bba1b72056d9;Course_702;Instructor_702;Room_702;2
7f882762-91fc-43e5-b2da-e18f4ccbf2fa;Course_703;Instructor_703;Room_703;2
4560e6de-df0a-46bc-afac-b43345f73684;Course_704;Instructor_704;Room_704;1
5a83728d-1f73-46a6-805d-b2d85bf37ef2;Course_705;Instructor_705;Room_705;5
ef382c42-5f18-4fe2-9e6b-f8b9877386f9;Course_706;Instructor_706;Room_706;1
cc0540b5-aee1-48fb-aa6b-0345d4ea1000;Course_707;Instructor_707;Room_707;3
8e829e4a-5fed-4827-89c6-b8c850bab681;Course_708;Instructor_708;Room_708;5
bcb6f626-e615-4161-b61f-384155592429;Course_709;Instructor_709;Room_709;2
b8f44024-8b58-40b1-b7e3-d58564d4d5ce;Course_710;Instructor_710;Room_710;2
f1da1e1f-8a80-49b5-af0a-94e7f0211321;Course_711;Instructor_711;Room_711;5
3450d5f2-944b-48b1-9f77-1a2090fb43e6;Course_712;Instructor_712;Room_712;3
2718fe5d-e9f9-41e2-bae6-844c930fa1ed;Course_713;Instructor_713;Room_713;3
f317825f-521b-4dfe-865e-efb5a73ca294;Course_714;Instructor_714;Room_714;2
8b21d7b3-d456-4296-933c-651e714eb6aa;Course_715;Instructor_715;Room_715;4
96b76b78-57fa-4c3e-85be-8bcabb62ebfd;Course_716;Instructor_716;Room_716;4
6370ef6b-9d96-4124-a61c-727e0c2433dc;Course_717;Instructor_717;Room_717;5
b53a8d22-20ff-4dba-a579-b6c1b77a8ca0;Course_718;Instructor_718;Room_718;3
e21a05a8-3ecb-49e5-9f10-261da051ff02;Course_719;Instructor_719;Room_719;4
88904a3b-9bbe-4b68-857f-6f9a9a380d12;Course_720;Instructor_720;Room_720;2
56108af2-aa85-424b-a16b-6a273c73a59e;Course_721;Instructor_721;Room_721;5
be21e9f8-4221-4cbb-82ae-2679c7f0e902;Course_722;Instructor_722;Room_722;4
de5ecad2-0cc9-4670-a525-12cdb544af03;Course_723;Instructor_723;Room_723;2
6ef6e45b-3b7f-4d32-90f2-730aa755f4df;Course_724;Instructor_724;Room_724;3
6dd7a35e-7fbd-4f36-a03d-086ebe20bd8e;Course_725;Instructor_725;Room_725;2
5cc68722-832e-4fcd-a539-737ddb6e6bb5;Course_726;Instructor_726;Room_726;2
fca86a06-40df-48a5-9bca-cea0ed3f687e;Course_727;Instructor_727;Room_727;4
ca39f46c-4d1c-4c94-8c7a-693b1f109ad8;Course_728;Instructor_728;Room_728;3
faee752f-eb7d-4cff-9427-08adcab00c5e;Course_729;Instructor_729;Room_729;2
e72c0b63-1f96-4b3b-85b9-874687f55be7;Course_730;Instructor_730;Room_730;2
97140b0a-295c-4494-adaf-3b488b08b722;Course_731;Instructor_731;Room_731;3
b8b89930-8ef3-4a9f-874b-6cfba3161fac;Course_732;Instructor_732;Room_732;5
5ad81e99-8944-4f70-99f0-b2da4f50de11;Course_733;Instructor_733;Room_733;4
ac143cbc-d441-49f2-a10b-128892f8737c;Course_734;Instructor_734;Room_734;4
392aca71-42f7-431e-8191-a11ad90ae935;Course_735;Instructor_735;Room_735;3
c36d7ad2-11db-493a-9bfa-86c552b5b5ec;Course_736;Instructor_736;Room_736;5
ef2c0e05-df37-456f-8db6-21f669a167d8;Course_737;Instructor_737;Room_737;2
b6e4596d-4557-446b-bb7d-186d332c6430;Course_738;Instructor_738;Room_738;5
5ed0d800-aa10-4dc1-87c5-ef3c843e4640;Course_739;Instructor_739;Room_739;1
639fdfba-2f6c-44e0-9c9a-a4acc13a6ae0;Course_740;Instructor_740;Room_740;4
0cee2863-8785-429a-8f18-70975a755c37;Course_741;Instructor_741;Room_741;2
afcd62d9-d8e0-4eed-8582-e31633f6741e;Course_742;Instructor_742;Room_742;5
9629f0ce-3093-4a7a-b548-8b99f944db69;Course_743;Instructor_743;Room_743;3
5d8ca099-338d-462d-9498-79d1ccb85fdc;Course_744;Instructor_744;Room_744;5
868eb496-b332-4e15-961a-16a4288b56cd;Course_745;Instructor_745;Room_745;2
961990a2-3c19-4742-9505-18fa00102a1f;Course_746;Instructor_746;Room_746;4
f5ce1a42-d7e6-4ac8-846b-f60a9f812feb;Course_747;Instructor_747;Room_747;4
393db047-e227-4cff-8ded-78dcd6c31029;Course_748;Instructor_748;Room_748;5
59dea933-4e35-4ab5-b1b0-393826d51706;Course_749;Instructor_749;Room_749;4
4c2f8441-7e8c-40b0-8a30-3e349e82f919;Course_750;Instructor_750;Room_750;5
9125c6a4-a649-4565-9079-0151435116fb;Course_751;Instructor_751;Room_751;1
ba2246de-65c2-491a-b21d-01e4f944d56e;Course_752;Instructor_752;Room_752;4
c048a52a-2413-4145-825e-99356ba7f7d7;Course_753;Instructor_753;Room_753;2
a2640040-8550-4a1a-a473-2ff0f511c050;Course_754;Instructor_754;Room_754;2
e7881ef1-0487-4070-a967-50b59c68cc98;Course_755;Instructor_755;Room_755;2
970e45f1-65e4-486d-9159-08ed658d3f9a;Course_756;Instructor_756;Room_756;4
ab4e28ab-10c7-4a35-bffd-189105f1432a;Course_757;Instructor_757;Room_757;4
8c8aac1c-7301-4a38-baaf-daf194c2e74b;Course_758;Instructor_758;Room_758;2
677aa0cc-69ed-40b3-8282-dc742104135a;Course_759;Instructor_759;Room_759;1
2c34290d-9280-4844-99c0-78f37c82d56f;Course_760;Instructor_760;Room_760;3
c1a783c0-4450-4f08-bc3f-a60037a521bf;Course_761;Instructor_761;Room_761;4
e4c9ca2e-d624-4e8f-a9d4-a31f1d4ce7ef;Course_762;Instructor_762;Room_762;2
6e21cfde-7713-43a0-a9e1-ba8cbbf118d5;Course_763;Instructor_763;Room_763;1
585e40a2-bfe0-42be-80ba-80c174a1608f;Course_764;Instructor_764;Room_764;4
205e4f26-d86a-44ed-a648-b580b00b37d0;Course_765;Instructor_765;Room_765;3
e3b13517-9271-404d-8cb8-de5864981f57;Course_766;Instructor_766;Room_766;1
9327dbdc-bdaf-42c4-a5a2-6c44a6bf7a9e;Course_767;Instructor_767;Room_767;2
a5359af9-17c2-4a92-b382-9909e8d261f3;Course_768;Instructor_768;Room_768;5
5c77cc4f-c7f9-4bf4-af57-6893e039d40c;Course_769;Instructor_769;Room_769;2
965334d5-810a-4abc-81fd-04f648a34400;Course_770;Instructor_770;Room_770;1
52159c91-9242-4e04-8ebf-45602b549713;Course_771;Instructor_771;Room_771;1
f30d72d3-0f44-4647-bc01-9968f1d75c28;Course_772;Instructor_772;Room_772;1
75d45d05-c766-4b22-aafa-93c3a7c0e648;Course_773;Instructor_773;Room_773;3
7b5dbf83-4086-4b2a-a550-c1962e11bd46;Course_774;Instructor_774;Room_774;3
96648460-c398-4d5a-96d0-56c43539fd01;Course_775;Instructor_775;Room_775;1
27db4a4b-e11b-448b-878c-2209c1eb444b;Course_776;Instructor_776;Room_776;1
7bbe5e38-0bfe-4081-bb81-a1ccf7eba7cc;Course_777;Instructor_777;Room_777;2
ed83ed79-06b2-43ec-807a-9947a4ef8bc7;Course_778;Instructor_778;Room_778;4
194b1442-2b45-44fd-a602-7a5f5fb52ca2;Course_779;Instructor_779;Room_779;3
5143bafa-b6b5-4c7e-bb5a-93efe12039f1;Course_780;Instructor_780;Room_780;4
9a49ecac-0cb5-435c-bdad-4747d4a8e270;Course_781;Instructor_781;Room_781;2
0c767b2c-000b-479d-ab41-3654d1081074;Course_782;Instructor_782;Room_782;2
4969a32e-3f22-4f51-a303-b3ff17975b8e;Course_783;Instructor_783;Room_783;3
65354136-2b48-4d31-8c54-6e34e3450ad5;Course_784;Instructor_784;Room_784;2
b4f71f78-dbb6-4d62-b6db-083203a264ab;Course_785;Instructor_785;Room_785;3
2b381e73-2438-4040-8d77-9a3482cf3e66;Course_786;Instructor_786;Room_786;3
eef617f2-8bb9-491c-bb5d-7d3d8192b1db;Course_787;Instructor_787;Room_787;3
f005d473-25ef-42e7-b9ce-0aac4841eb99;Course_788;Instructor_788;Room_788;5
30f3b541-d558-4aea-9b52-079a160eaaf4;Course_789;Instructor_789;Room_789;2
a01bda89-7954-411a-afde-145e9c78837a;Course_790;Instructor_790;Room_790;2
592ad51b-a7b4-4396-b583-f08614469209;Course_791;Instructor_791;Room_791;2
48b901c3-4dc2-429b-825f-a6e561255063;Course_792;Instructor_792;Room_792;1
ca7dead5-ff30-4f85-bba2-17f08dd4047f;Course_793;Instructor_793;Room_793;1
3195cd25-04ea-49a1-9be7-d1db86952543;Course_794;Instructor_794;Room_794;2
8adc2b9b-cdaa-4e65-8686-e4b93a9065cf;Course_795;Instructor_795;Room_795;1
95ff7f73-a124-44ce-8c45-c12018ecb3f0;Course_796;Instructor_796;Room_796;2
85a8aa5e-2f72-495a-a021-5db2df1bac31;Course_797;Instructor_797;Room_797;5
7dafecfa-5b54-48e8-a0b2-3a9734a2c097;Course_798;Instructor_798;Room_798;3
7512dd72-e05e-4eb4-a5ce-80d5c6b8a25b;Course_799;Instructor_799;Room_799;2
10e46344-47dc-4c74-b48a-e6d2ae62e70f;Course_800;Instructor_800;Room_800;1
d58f7036-cfcd-4245-8eab-751e9945eb87;Course_801;Instructor_801;Room_801;5
56730e1f-10ca-4bc8-b413-1ac535c20866;Course_802;Instructor_802;Room_802;4
0706078b-dc03-4a33-b619-36f761776ea4;Course_803;Instructor_803;Room_803;4
db9f9848-24d5-4db7-9943-9ce679ccc165;Course_804;Instructor_804;Room_804;5
6e655ebb-6e2f-40a1-ad52-baa5ddbe15c9;Course_805;Instructor_805;Room_805;5
077dd103-6c28-4e27-95c2-c8c9a8136d77;Course_806;Instructor_806;Room_806;5
60da21f0-b7a0-430b-9bb9-3d3015699ed6;Course_807;Instructor_807;Room_807;1
6ebc5f3f-ba98-40f4-b696-17b7d46b3b7b;Course_808;Instructor_808;Room_808;4
85412c05-f653-4e89-ba05-31e14c160301;Course_809;Instructor_809;Room_809;3
a62a9d22-883b-4704-a039-2691e1d8f81e;Course_810;Instructor_810;Room_810;5
0e71f7f1-00e3-4291-9872-d8c6721e1dc7;Course_811;Instructor_811;Room_811;3
1ed6ff03-3fd8-4f85-89af-080f6792addf;Course_812;Instructor_812;Room_812;3
01f7348a-1880-48b7-b359-a19bc0bca1da;Course_813;Instructor_813;Room_813;5
18868ba6-f765-4742-9f89-4346c9a38b8d;Course_814;Instructor_814;Room_814;1
ee90c64c-8b0f-4e7d-b77e-cebd4d9d0637;Course_815;Instructor_815;Room_815;4
302d889b-ca35-44c3-850c-4b3d1953edfc;Course_816;Instructor_816;Room_816;1
807c6364-792f-4b1f-976e-ae69b601ce6f;Course_817;Instructor_817;Room_817;1
cbe843d0-cea6-43f8-a8c2-6dcc12776d47;Course_818;Instructor_818;Room_818;2
ce26afa7-942e-46df-977b-293514f7cd48;Course_819;Instructor_819;Room_819;5
efe377a9-8e95-487f-88e8-c505707d2fbf;Course_820;Instructor_820;Room_820;2
391999b7-7577-45e9-ba12-6cc6ca1bd8c5;Course_821;Instructor_821;Room_821;3
b880b44f-f9e0-4fb0-a58d-39853a89bcb0;Course_822;Instructor_822;Room_822;4
8dfb153f-184e-4f47-a50a-2cfa6345d087;Course_823;Instructor_823;Room_823;3
f6f28be6-0d58-4c2a-8066-13e386ad74f5;Course_824;Instructor_824;Room_824;2
c137a078-c455-4e2e-abe1-94585dd9eb95;Course_825;Instructor_825;Room_825;4
a17d5948-c641-47c2-89c8-f025de4a1ef1;Course_826;Instructor_826;Room_826;4
1cc7769d-d357-43a1-8b19-a56801c39f4c;Course_827;Instructor_827;Room_827;2
1c48ff67-13cb-4700-a6c7-3fa6be71cc2b;Course_828;Instructor_828;Room_828;5
82311465-9696-46db-8cb7-e04042fccdba;Course_829;Instructor_829;Room_829;4
e7032735-9f54-4073-97bc-3e92f259d673;Course_830;Instructor_830;Room_830;3
9514e574-df6e-4249-a24b-8638621b679d;Course_831;Instructor_831;Room_831;1
6f314e7e-81d8-4605-ba6a-84330a6a1f18;Course_832;Instructor_832;Room_832;4
4d9f3a09-3b8e-46df-9225-c4d2431bf407;Course_833;Instructor_833;Room_833;3
5b2ac507-eb72-46eb-a3a3-84992b3c9f52;Course_834;Instructor_834;Room_834;4
43c71b44-8b98-42d0-9ecd-c09640f65af3;Course_835;Instructor_835;Room_835;3
e10097a4-8ca2-424c-85c8-af4ed8038ada;Course_836;Instructor_836;Room_836;3
b0a5876f-ec54-4f0d-8cfe-2cc05e908a6f;Course_837;Instructor_837;Room_837;5
a8f9646f-3384-4e0d-893c-89b45d931fb7;Course_838;Instructor_838;Room_838;1
c9dcfe00-1354-4066-ac93-59208e4763d5;Course_839;Instructor_839;Room_839;4
124cc5b7-3872-41af-8cba-145af661735e;Course_840;Instructor_840;Room_840;5
93835ad6-b11f-4dd1-957a-d08fe043439a;Course_841;Instructor_841;Room_841;5
d2cec1f7-4155-4e5f-a417-c4699e29c5c6;Course_842;Instructor_842;Room_842;5
e5e68ecd-16c8-4371-8e06-85833dba9440;Course_843;Instructor_843;Room_843;2
ddbc5234-fb28-4949-a840-da2c3807043c;Course_844;Instructor_844;Room_844;2
47feed12-31a1-42b4-b911-859b731a6bdd;Course_845;Instructor_845;Room_845;3
181e4971-dfa2-4cbc-83fe-5a122cdafce3;Course_846;Instructor_846;Room_846;1
00557e0c-2d4f-486c-b650-d4fe36e2ea35;Course_847;Instructor_847;Room_847;4
fd3116ba-2e5d-4092-9091-4e092f98d98d;Course_848;Instructor_848;Room_848;5
61c6ffc1-a7e0-4d8e-98b1-a03566bced09;Course_849;Instructor_849;Room_849;4
ca9dd453-718a-491c-b1f7-626baacb5056;Course_850;Instructor_850;Room_850;1
76229794-275f-4a49-b143-510d7d52f181;Course_851;Instructor_851;Room_851;3
a6197efe-f3a0-488c-b542-a32073d0b82f;Course_852;Instructor_852;Room_852;4
0a5b2297-b80c-4ea7-b09a-a6eb7533042f;Course_853;Instructor_853;Room_853;3
81935d51-8551-4b9f-9b2d-17f9057a2138;Course_854;Instructor_854;Room_854;4
321b85a5-7d4a-4b9e-896b-9873299782e8;Course_855;Instructor_855;Room_855;5
950edf3b-94ce-478a-859d-bd72a1a9ebfc;Course_856;Instructor_856;Room_856;2
25319c71-29aa-4f4e-8637-4ed1518b4576;Course_857;Instructor_857;Room_857;4
0226cc01-12e9-4a7b-b417-09175d6cd1bf;Course_858;Instructor_858;Room_858;1
2e6376f3-04a4-4326-8176-25ca78b1aa1d;Course_859;Instructor_859;Room_859;3
9dfc0546-3fb3-4080-9c38-373a6dbedac8;Course_860;Instructor_860;Room_860;5
923ef431-67bd-4499-9f67-8d9e8d9d0695;Course_861;Instructor_861;Room_861;1
72b242d0-e114-4b0b-bea3-518d1661db90;Course_862;Instructor_862;Room_862;1
1b5199ab-ddc6-4528-902d-bd55a95b0b85;Course_863;Instructor_863;Room_863;5
d75bbbc3-230b-45ee-bdb7-89c3abb1ea07;Course_864;Instructor_864;Room_864;4
7abac1d6-f54b-45b7-8116-53e4c2950901;Course_865;Instructor_865;Room_865;2
c976662d-0c2f-4940-bb61-f9d7e6ba08ef;Course_866;Instructor_866;Room_866;2
ba78ce11-1445-4ba6-ba12-f6a4ec6bf7c6;Course_867;Instructor_867;Room_867;3
39c0be74-5d34-4349-9c5e-6ed9dc6f7680;Course_868;Instructor_868;Room_868;2
a86de08f-391e-4c3a-8cf3-1dc641bfdf1e;Course_869;Instructor_869;Room_869;1
bff6ec4b-23f7-45b9-bf28-59398d8124b1;Course_870;Instructor_870;Room_870;3
0d6d545d-8b6f-441f-a8b2-83f690593594;Course_871;Instructor_871;Room_871;3
38afa78b-f966-403f-b07e-edba9ba9e80a;Course_872;Instructor_872;Room_872;3
0363b6a3-e1e0-4448-ac39-fc39482c2130;Course_873;Instructor_873;Room_873;1
a985d3a8-123e-42ce-8319-e848ba05a414;Course_874;Instructor_874;Room_874;2
77de14f2-3136-44e7-b0c6-0a89fdd0638c;Course_875;Instructor_875;Room_875;3
5aef7906-6ed7-4715-9a6e-b973c6e4ee99;Course_876;Instructor_876;Room_876;4
4e17fdf8-1b1a-4ec7-bdd6-be8c663009b8;Course_877;Instructor_877;Room_877;4
83ec47c0-9f25-481b-b1c3-57fb1d039365;Course_878;Instructor_878;Room_878;5
ea11ec19-a660-48de-b105-d8b868b215e0;Course_879;Instructor_879;Room_879;3
c8648b50-a51f-4dd4-abf4-2fa7798e887d;Course_880;Instructor_880;Room_880;3
ac77d156-6ec5-4d36-8d0a-4e0a406f0844;Course_881;Instructor_881;Room_881;3
990bc4d9-63b0-403d-99dd-829a7c6af5a8;Course_882;Instructor_882;Room_882;4
d6f3fb73-59fe-4ba7-a196-718c171064c5;Course_883;Instructor_883;Room_883;2
907d9a9b-b223-4256-9f57-a68f94322026;Course_884;Instructor_884;Room_884;2
12453bf7-0b9e-48b0-a1e9-9b0ce692f0f1;Course_885;Instructor_885;Room_885;2
19ee55af-44e4-466b-8d15-d45ad6af2674;Course_886;Instructor_886;Room_886;1
425d5979-c400-4378-908c-28f069439205;Course_887;Instructor_887;Room_887;4
d79c63b5-e7e7-4cfc-aff8-1e54c657d20c;Course_888;Instructor_888;Room_888;2
95889d9f-b8b1-4d77-a87b-4154b8c934f4;Course_889;Instructor_889;Room_889;5
4b98ef57-3c7f-4f3e-bb67-4de851a90ded;Course_890;Instructor_890;Room_890;2
22cb64fc-e510-400f-a9ed-576bef1dffc3;Course_891;Instructor_891;Room_891;4
8d6e4aad-86ec-4ab9-bd8e-dfaf3e5aade6;Course_892;Instructor_892;Room_892;1
d32d1ca7-aa08-40d7-b415-b13d49d33d01;Course_893;Instructor_893;Room_893;2
b700091d-6e7b-4900-b17e-89e62738d37d;Course_894;Instructor_894;Room_894;4
b5ac7811-b09c-4b2a-a320-3805057a4943;Course_895;Instructor_895;Room_895;3
928f6604-463f-4af4-aafe-199f838580b2;Course_896;Instructor_896;Room_896;4
d8fc19aa-0b9e-40bd-aa95-a587c079537c;Course_897;Instructor_897;Room_897;4
7df0ea77-868f-42b1-ae21-2b4adadc11be;Course_898;Instructor_898;Room_898;1
ae15cb01-b8d8-4442-be37-d07291357741;Course_899;Instructor_899;Room_899;1
08c47dd4-a7cd-4b37-b0ed-2a48887945cf;Course_900;Instructor_900;Room_900;4
8a45a9d7-7e9f-4793-b040-021203094126;Course_901;Instructor_901;Room_901;3
b1f6ffdc-cb4c-4bca-b501-7a49dfb7ff0b;Course_902;Instructor_902;Room_902;5
a9bc52a7-4169-4079-8141-42b20df45381;Course_903;Instructor_903;Room_903;3
e224025d-19e4-4e30-ad0b-5856fb4ace3d;Course_904;Instructor_904;Room_904;2
eb1ba89a-e82a-4408-8265-93f666e972df;Course_905;Instructor_905;Room_905;1
8e53c5db-ebb1-44ee-ba54-0ce352b7ffe2;Course_906;Instructor_906;Room_906;4
ea993942-0403-415c-9bdc-3d38bf59aaf2;Course_907;Instructor_907;Room_907;4
90817091-41a7-4688-b0b1-b483c97e54d0;Course_908;Instructor_908;Room_908;3
95f4f985-5279-4326-baca-740ba8c96260;Course_909;Instructor_909;Room_909;3
802924a5-b354-4603-8c96-65fb4e955490;Course_910;Instructor_910;Room_910;2
c84bd30e-fd48-480a-9aec-c9b8c6969046;Course_911;Instructor_911;Room_911;5
1f2676f8-2c15-486f-bf64-ac4e598235f6;Course_912;Instructor_912;Room_912;4
1bdac9ba-54a4-457b-8d96-62cdc38dddda;Course_913;Instructor_913;Room_913;1
66816eec-4de6-4ac4-9538-dbe3b7983501;Course_914;Instructor_914;Room_914;3
5155e034-1696-4527-8db5-df189cb015ae;Course_915;Instructor_915;Room_915;3
7dfab627-92ac-4151-b415-834707dd44f1;Course_916;Instructor_916;Room_916;4
19409140-c82d-481a-98c1-2354e558427d;Course_917;Instructor_917;Room_917;4
7b601903-f47e-4889-86da-96916a669e7c;Course_918;Instructor_918;Room_918;1
de8feb8e-96c4-4495-aab0-2a4a7067a40a;Course_919;Instructor_919;Room_919;2
e2c64d3b-b4e3-4c5f-830a-3ecb8a1555fc;Course_920;Instructor_920;Room_920;3
3cbe5b06-8a12-443c-b4d5-d51ffe67a3e9;Course_921;Instructor_921;Room_921;1
8afec482-8ea0-4390-baa0-b76f4ea2151a;Course_922;Instructor_922;Room_922;3
01f003e9-4b76-4ce8-a3ff-c4705bd03198;Course_923;Instructor_923;Room_923;5
aedcb37c-4a95-4af2-8dbd-4568f2343b97;Course_924;Instructor_924;Room_924;1
6b8cc8c0-5e7b-4f37-bce5-f0f7cca2735f;Course_925;Instructor_925;Room_925;3
f7d98b14-ce78-4a98-bd6c-df11b96ca3f8;Course_926;Instructor_926;Room_926;2
36c16654-16db-4803-ac2d-71070c221089;Course_927;Instructor_927;Room_927;3
2e606aae-f949-46c5-a26b-8f2e6b9e98a1;Course_928;Instructor_928;Room_928;4
7ce8541f-48d1-41e2-a8dd-ffeca506e6d6;Course_929;Instructor_929;Room_929;4
e28dc1fc-876c-47ec-af58-097ace2d7293;Course_930;Instructor_930;Room_930;1
19f6e3f9-f3fb-4d52-96f7-f918c7cdad58;Course_931;Instructor_931;Room_931;4
c711a0c4-5fc5-470a-b34e-463d275d8387;Course_932;Instructor_932;Room_932;4
428f649f-41c0-4075-9602-41a527a13380;Course_933;Instructor_933;Room_933;5
d41a7b50-a14b-4bae-b195-c7e32bd9a253;Course_934;Instructor_934;Room_934;4
3dfa66e7-82e8-43e0-92a6-8b8cf894bf9d;Course_935;Instructor_935;Room_935;4
e15f00b7-e3ef-4635-9fb0-d83c9709e80c;Course_936;Instructor_936;Room_936;2
7aade021-efe0-4a0c-8ba5-280a83630a0d;Course_937;Instructor_937;Room_937;4
97263c3b-16ee-4fb7-96b1-0724115390b6;Course_938;Instructor_938;Room_938;2
5b68f8f8-12be-483d-9001-f71a22cd5da2;Course_939;Instructor_939;Room_939;3
0102d1d7-c5f2-460a-bfa6-97b98082b33f;Course_940;Instructor_940;Room_940;3
6125ed5b-ee73-4d1e-b16d-218edcf9a10c;Course_941;Instructor_941;Room_941;5
11d049b4-11fc-4627-b69a-3de9030f3da2;Course_942;Instructor_942;Room_942;1
cef1220a-0f76-4695-9099-25f5b5b6f4cd;Course_943;Instructor_943;Room_943;1
aeab717c-a746-4641-a15d-686c33554309;Course_944;Instructor_944;Room_944;5
a20f65ad-bd02-4435-9257-aae698000d29;Course_945;Instructor_945;Room_945;2
5d8ab1ca-b110-45ad-a13d-6c91d38a911b;Course_946;Instructor_946;Room_946;1
8a5ad76c-3642-4cd5-8cb3-5db3b37bb798;Course_947;Instructor_947;Room_947;2
0ed2f5c1-92d7-4c16-9080-8f65d9d20935;Course_948;Instructor_948;Room_948;2
1c60d68d-8e0b-47d1-b9b4-8b078f4dc9b2;Course_949;Instructor_949;Room_949;1
3807d392-d8d9-483c-8163-abb6c3c06b4f;Course_950;Instructor_950;Room_950;5
16308d51-5ac4-4280-8993-d6ed4a0001a5;Course_951;Instructor_951;Room_951;4
3c6257d4-ce78-499e-b037-ed60961104f5;Course_952;Instructor_952;Room_952;4
04097a5c-3c2b-4edd-a556-b21971f12622;Course_953;Instructor_953;Room_953;2
d5f9511a-0daa-4e0d-8f99-f74906f7c742;Course_954;Instructor_954;Room_954;2
918fd4e9-ad10-40f7-b428-d2a9baf12082;Course_955;Instructor_955;Room_955;3
9aca3c33-0390-4c5c-88e6-d38042738c46;Course_956;Instructor_956;Room_956;3
4a35de79-1416-4f36-83ff-aa64c9a13c48;Course_957;Instructor_957;Room_957;5
c97694bf-5ab3-4f14-b090-6344ffdeed7d;Course_958;Instructor_958;Room_958;5
c90f4eb9-f794-4e77-bce0-e5caa1e944b4;Course_959;Instructor_959;Room_959;3
b10d1194-b607-43b8-a289-6583446c1fb3;Course_960;Instructor_960;Room_960;4
3f3ef18c-fff2-4005-8423-db680ccb2079;Course_961;Instructor_961;Room_961;2
c9b9f6bf-b9e9-4115-8e52-8b2fa910a7d0;Course_962;Instructor_962;Room_962;2
d70ef73e-f5fc-4475-9768-966bb92bb5db;Course_963;Instructor_963;Room_963;5
eba5156d-35ae-4066-9319-533866bb23b3;Course_964;Instructor_964;Room_964;1
91dbac35-cc02-40a5-b931-81d72c1fda9e;Course_965;Instructor_965;Room_965;1
4693d652-5977-43ef-8a8e-71a3c8b57b5f;Course_966;Instructor_966;Room_966;3
d68a25f6-2f0b-4ffc-a098-3f5538397f62;Course_967;Instructor_967;Room_967;2
1e798170-21be-4b91-a9d3-76ba81b26a8d;Course_968;Instructor_968;Room_968;5
92c1aa7e-b4bc-4e90-bbd4-4d6e2b8bb2b4;Course_969;Instructor_969;Room_969;5
932c7d8e-3f83-4c10-bf6a-fba8e394721e;Course_970;Instructor_970;Room_970;4
d4d1baa5-311c-4148-90b5-547ff4798327;Course_971;Instructor_971;Room_971;1
71362e18-b698-4ccb-b089-5614704cf522;Course_972;Instructor_972;Room_972;1
4589061e-bb63-43b8-9b9a-07522e5f7822;Course_973;Instructor_973;Room_973;1
d1d66fbf-e9ed-440d-b330-5dbc82ffa493;Course_974;Instructor_974;Room_974;3
74310724-0492-4843-b220-b9cc5bc95a63;Course_975;Instructor_975;Room_975;4
d3c22beb-3e81-4c8c-98ae-006361c55d04;Course_976;Instructor_976;Room_976;2
be89b903-bc25-4673-9511-8d540b7a0784;Course_977;Instructor_977;Room_977;2
2f951246-b49c-4f11-bbee-23e8281eb1fd;Course_978;Instructor_978;Room_978;1
876eb61a-19ab-4393-8faa-353df52f214c;Course_979;Instructor_979;Room_979;4
a8df569c-bb8f-4b5b-8ce2-e2fd87ccc800;Course_980;Instructor_980;Room_980;4
6bf51a62-00a0-4d20-a53e-59fd6775b0ae;Course_981;Instructor_981;Room_981;3
256252d7-0793-4e90-b624-2dd7a946cb33;Course_982;Instructor_982;Room_982;5
27675b33-9d62-489d-9768-813f77cd8137;Course_983;Instructor_983;Room_983;3
806b48d8-ee4b-4265-8a38-8298f4d43e66;Course_984;Instructor_984;Room_984;4
67526ee1-75e8-401f-9fb6-5ccdd73d92d7;Course_985;Instructor_985;Room_985;2
40269326-4a05-48b4-be49-62710a2bc8eb;Course_986;Instructor_986;Room_986;3
e552b3de-f84d-4f81-a0e6-67133c7ab300;Course_987;Instructor_987;Room_987;3
9ad4aab3-095c-4a88-882e-1d3419fda1f6;Course_988;Instructor_988;Room_988;4
1e0e7d8a-1095-4028-a1ef-3fe7f8003664;Course_989;Instructor_989;Room_989;4
c1d5550e-9171-443a-b7b9-a160fcafe987;Course_990;Instructor_990;Room_990;5
2bd0faa2-dc16-47e8-8826-d6b3a8e594a2;Course_991;Instructor_991;Room_991;2
600121dc-3431-4c49-9b34-054feb92b2df;Course_992;Instructor_992;Room_992;4
2fa30c58-1c3f-470c-bc36-ed307a5e58f5;Course_993;Instructor_993;Room_993;1
fa868757-fbc2-4921-86c7-781c49e0beb6;Course_994;Instructor_994;Room_994;5
8bec78e6-585b-470d-a15c-d64225877302;Course_995;Instructor_995;Room_995;3
8bbd7113-d91b-4fb0-859b-612997c7651c;Course_996;Instructor_996;Room_996;3
8dad6351-55a7-4373-a3d1-5fee89257532;Course_997;Instructor_997;Room_997;2
1cbf629e-b3a2-4e22-b1c1-19867175a132;Course_998;Instructor_998;Room_998;3
c1334726-c31f-4b17-a676-733179c8747c;Course_999;Instructor_999;Room_999;4
2d47dcaa-7649-49bd-8e78-df2ae907acb8;Course_1000;Instructor_1000;Room_1000;4
